Workbook

Sheet Dashboard
B1: Batch Analysis Dashboard
B5: Description | C5: Steps | D5: Effort Hours (hrs) | E5: Initial Analysis | L5: Virus Inactivation
B6: Virus Inactivation | C6: ='Virus Inactivation'!O4 -> 11 | D6: ='Virus Inactivation'!P4 -> 632 | E6: 2 templates
B7: Virus Filtration | C7: ='Virus Filtration'!O4 -> 21 | D7: ='Virus Filtration'!P4 -> 1092
B8: Chromatography 1 | C8: ='Chromatography 1'!O4 -> 29 | D8: ='Chromatography 1'!P4 -> 1520 | E8: 3 templates
B9: Chromatography 2 | C9: ='Chromatography 2'!O4 -> 29 | D9: ='Chromatography 2'!P4 -> 1784
B10: Conjugation 1 | C10: ='Conjugation 1'!O4 -> 23 | D10: ='Conjugation 1'!P4 -> 1256 | E10: 2 templates
B11: Conjugation 2 | C11: ='Conjugation 2'!O4 -> 8 | D11: ='Conjugation 2'!P4 -> 296
B12: Bulk Formulation | C12: 17 | D12: 1088 | E12: 1 template
C13: =SUM(Table3[Steps]) -> 138 | D13: =SUM(Table3[Effort Hours (hrs)]) -> 7668
L25: Virus Filtration
L51: Chromatography 1
L77: Chromatography 2
L103: Conjugation 1
L129: Conjugation 2
L155: Bulk Formulation

Sheet Virus Inactivation
A1: Virus Iactivation Batch Record Analysis
A2: Batch ID: PN - 8012441 | N2: Analysis Type | O2: Total Steps | P2: Effort Hours (hrs)
N3: Detailed Analysis | O3: =Detailed_Analysis_2[[#Totals],[Step Num]] -> 80 | P3: =Detailed_Analysis_2[[#Totals],[Effort Hours (hrs)]] -> 3080
N4: Streamlined Analysis | O4: =Streamlined_Analysis_2[[#Totals],[Step Num]] -> 11 | P4: =Streamlined_Analysis_2[[#Totals],[Effort Hours (hrs)]] -> 632
A6: Step Num | B6: Title | C6: Brief Description | D6: Complexity | E6: Effort Hours (hrs) | G6: Step Num | H6: Title | I6: Brief Description | J6: Complexity | K6: Effort Hours (hrs)
A7: 7.1 | B7: Record Room Number | C7: Record the room where the VI process will occur. Simple room number entry with signature. | D7: LOW | E7: =IF(D7="LOW", 16, IF(D7="MEDIUM", 40, IF(D7="HIGH", 100, ""))) -> 16 | G7: 7.1 | H7: Measure pH, Conductivity, Temperature | I7: Measure pH, conductivity (mS/cm), and temperature (°C) of Affinity product per SOP-0080297 and SOP-0107117. Record all three values. | J7: MEDIUM | K7: =IF(J7="LOW", 16, IF(J7="MEDIUM", 40, IF(J7="HIGH", 100, ""))) -> 40
A8: 7.2 | B8: Verify Affinity Product Warm-Up Time | C8: If Affinity Product was warmed from cold storage, ensure time removed from 2-8°C storage matches Attachment 3 hold time. Conditional check. | D8: LOW | E8: =IF(D8="LOW", 16, IF(D8="MEDIUM", 40, IF(D8="HIGH", 100, ""))) -> 16 | G8: 7.14 | H8: Starting Product Temperature Check / Decision Tree | I8: Conditional decision tree based on temperature: 18-25°C → proceed to Step 10.9; <18°C → start warming (Section 9); >25°C → contact supervisor. Cross-reference to multiple sections. | J8: MEDIUM | K8: =IF(J8="LOW", 16, IF(J8="MEDIUM", 40, IF(J8="HIGH", 100, ""))) -> 40
A9: 7.3 | B9: Verify pH Meter Standardization (pH 2.0-7.0) | C9: Confirm pH meter standardized between pH 2.0 and pH 7.0 per SOP-0080297. Confirm thermometer calibrated per SOP-0107117. Record Meter ID. | D9: MEDIUM | E9: =IF(D9="LOW", 16, IF(D9="MEDIUM", 40, IF(D9="HIGH", 100, ""))) -> 40 | G9: 8.4 | H9: VI Treatment Vessel Setup - Comprehensive | I9: Complex vessel setup form: Bag info (Part No., Batch No., Exp. Date, SAP consumption), mixer drive/top base/magnetic clamp attachments, OR Tank info (Tank ID, CIP Batch, CIP Exp, Pressure Test, SIP Batch). Filter info for vent filter + up to 3 product filters with autoclave tracking. Tare weight recording with scale ID. | J9: HIGH | K9: =IF(J9="LOW", 16, IF(J9="MEDIUM", 40, IF(J9="HIGH", 100, ""))) -> 100
A10: 7.4 | B10: Verify Thermometer Calibration | C10: Confirm thermometer is within calibration interval per SOP-0107117. Record Thermometer ID. | D10: LOW | E10: =IF(D10="LOW", 16, IF(D10="MEDIUM", 40, IF(D10="HIGH", 100, ""))) -> 16 | G10: 10.9 | H10: Acid Treatment - Iterative pH Titration Table | I10: Complex iterative acid addition table: Record initial pH, conductivity, temperature (18-25°C), start time. For each addition cycle: gross weight before, end time, gross weight after, net weight of buffer added (calculation), total net weight, time of pH sampling, adjusted pH, sample temperature. Up to 12 addition rows. Target pH 3.5 (NOR 3.4-3.6). Record final pH confirmed time, final pH, final conductivity, temperature, SAP consumption, Start Time for Incubation. | J10: HIGH | K10: =IF(J10="LOW", 16, IF(J10="MEDIUM", 40, IF(J10="HIGH", 100, ""))) -> 100
A11: 7.5 | B11: Record Tare and Net Weight of Affinity Product | C11: Record tare weight and net weight of AZD0543 Affinity Product vessel. Record SoloVPE concentration (8012440-30), DLIMS Project/Sample numbers. | D11: MEDIUM | E11: =IF(D11="LOW", 16, IF(D11="MEDIUM", 40, IF(D11="HIGH", 100, ""))) -> 40 | G11: 12.1 | H11: Ensure Agitation (Extension) | I11: Ensure agitation is on for the extension acid addition. | J11: LOW | K11: =IF(J11="LOW", 16, IF(J11="MEDIUM", 40, IF(J11="HIGH", 100, ""))) -> 16
A12: 7.6 | B12: Mix Product (≥15 minutes) | C12: Mix product for at least 15 minutes per SOP-0080423 (LevTech) or SOP-0107102 (MagMix) or SOP-0107095 (tank). Record Mixer ID, agitation RPM, start/end times, calculate duration. | D12: MEDIUM | E12: =IF(D12="LOW", 16, IF(D12="MEDIUM", 40, IF(D12="HIGH", 100, ""))) -> 40 | G12: 14.11 | H12: Neutralization Treatment - Iterative pH Titration Table | I12: Complex iterative base addition table: Record scale/balance ID, calibration date. For each addition: gross weight before, end time, gross weight after, net weight buffer added (calculation), total net weight, pH sampling time, adjusted pH. Up to 5 addition rows. SAP consumption. Record final pH (7.2-7.6), final conductivity, temperature (15-27°C). | J12: HIGH | K12: =IF(J12="LOW", 16, IF(J12="MEDIUM", 40, IF(J12="HIGH", 100, ""))) -> 100
A13: 7.7 | B13: Collect Pre-Treatment Sample (8012441-10) | C13: Remove sample volume per Attachment 1 and SOP-0107097. Record sampling date/time. Non-routine samples per Attachment 2 if applicable. | D13: LOW | E13: =IF(D13="LOW", 16, IF(D13="MEDIUM", 40, IF(D13="HIGH", 100, ""))) -> 16 | G13: 14.15 | H13: Calculate Net Weight of Neutralized VI Product | I13: Calculate: Net Weight of Affinity (Step 7.12 or 8.10) + Total Net Weight of Acid (Step 10.9 or 12.4) + Total Net Weight of Base (Step 14.11) = Net Weight/Volume of Neutralized VI Product (kg=L). Multi-step cross-reference calculation. | J13: LOW | K13: =IF(J13="LOW", 16, IF(J13="MEDIUM", 40, IF(J13="HIGH", 100, ""))) -> 16
A14: 7.8 | B14: Aliquot Sample per Attachment 1 | C14: Aliquot sample (8012441-10) per Attachment 1: Sampling Record. Aliquot non-routine samples per Attachment 2 if applicable. | D14: LOW | E14: =IF(D14="LOW", 16, IF(D14="MEDIUM", 40, IF(D14="HIGH", 100, ""))) -> 16 | G14: 15.5 | H14: Measure Final pH, Conductivity, Temperature | I14: Measure pH (7.2-7.6), conductivity (mS/cm), temperature (°C) of neutralized VI product. Contact Supervisor if pH outside 7.2-7.6. | J14: MEDIUM | K14: =IF(J14="LOW", 16, IF(J14="MEDIUM", 40, IF(J14="HIGH", 100, ""))) -> 40
A15: 7.9 | B15: Submit Sample to DLIMS Storage | C15: Submit sample to storage location indicated in DLIMS per SOP-0080295. Ensure sampling tube label information matches DLIMS. | D15: LOW | E15: =IF(D15="LOW", 16, IF(D15="MEDIUM", 40, IF(D15="HIGH", 100, ""))) -> 16 | G15: 15.8 | H15: Store Product and Document Hold Times | I15: Store product, document storage info. Record hold times in Attachment 3. Map: Start time of addition → Affinity Product Storage End. | J15: MEDIUM | K15: =IF(J15="LOW", 16, IF(J15="MEDIUM", 40, IF(J15="HIGH", 100, ""))) -> 40
A16: 7.1 | B16: Measure pH, Conductivity, Temperature | C16: Measure pH, conductivity (mS/cm), and temperature (°C) of Affinity product per SOP-0080297 and SOP-0107117. Record all three values. | D16: MEDIUM | E16: =IF(D16="LOW", 16, IF(D16="MEDIUM", 40, IF(D16="HIGH", 100, ""))) -> 40 | G16: ATT-3 | H16: Attachment 3: Hold Times | I16: Affinity Product storage tracking: up to 3 holds with Location, Temperature (RT or 2-8°C), Storage Start/End times, calculated hold durations for RT and 2-8°C separately. Total RT Hold Time (alert if >72 hrs), Total 2-8°C Hold Time, Total Combined Hold Time (alert if >168 hrs). Requires calculations and conditional supervisor contact. | J16: HIGH | K16: =IF(J16="LOW", 16, IF(J16="MEDIUM", 40, IF(J16="HIGH", 100, ""))) -> 100
A17: 7.11 | B17: Obtain Gross Weight After Sampling | C17: Obtain gross weight of Affinity product vessel after sampling. Record Scale/Balance ID and Calibration Due Date. | D17: LOW | E17: =IF(D17="LOW", 16, IF(D17="MEDIUM", 40, IF(D17="HIGH", 100, ""))) -> 16 | G17: ATT-5 | H17: Attachment 5: Transfer Tubing/Hosing Information | I17: Material tracking for up to 3 tubing/hoses: Part No., Batch No., Exp. Date, Autoclave Cycle No./Exp. Date (if applicable), Hose Serial No., Cleaning Batch ID/Exp. Date. Dual signature. | J17: MEDIUM | K17: =IF(J17="LOW", 16, IF(J17="MEDIUM", 40, IF(J17="HIGH", 100, ""))) -> 40
A18: 7.12 | B18: Calculate Net Weight After Sampling | C18: Calculate net weight: Gross Weight (Step 7.11) − Tare Weight (Step 7.5) = Affinity Weight/Volume after sampling (kg=L). | D18: MEDIUM | E18: =IF(D18="LOW", 16, IF(D18="MEDIUM", 40, IF(D18="HIGH", 100, ""))) -> 40 | G18: =COUNTA(Streamlined_Analysis_2[Step Num]) -> 11 | K18: =SUM(Streamlined_Analysis_2[Effort Hours (hrs)]) -> 632
A19: 7.13 | B19: SAP Consumption Recording | C19: Record SAP consumption for materials used in Section 7. | D19: LOW | E19: =IF(D19="LOW", 16, IF(D19="MEDIUM", 40, IF(D19="HIGH", 100, ""))) -> 16
A20: 7.14 | B20: Starting Product Temperature Check / Decision Tree | C20: Conditional decision tree based on temperature: 18-25°C → proceed to Step 10.9; <18°C → start warming (Section 9); >25°C → contact supervisor. Cross-reference to multiple sections. | D20: HIGH | E20: =IF(D20="LOW", 16, IF(D20="MEDIUM", 40, IF(D20="HIGH", 100, ""))) -> 100
A21: 8.1 | B21: N/A Check - Same Vessel for VI | C21: If Affinity product vessel will be used as VI Treatment Vessel, N/A all of Section 8, go to Section 9 or 10. | D21: LOW | E21: =IF(D21="LOW", 16, IF(D21="MEDIUM", 40, IF(D21="HIGH", 100, ""))) -> 16
A22: 8.2 | B22: Obtain and Label VI Treatment Vessel | C22: Obtain product vessel, label with AZD0543, VI Treatment Vessel, batch number per SOP-0107056. | D22: LOW | E22: =IF(D22="LOW", 16, IF(D22="MEDIUM", 40, IF(D22="HIGH", 100, ""))) -> 16
A23: 8.3 | B23: Record Bill of Materials Info | C23: Record solution batch numbers from Section 5 Document Process Flow Sheet. Starting Material (PN 8012440), Acid (PN A-005168), Base (PN A0101-D). | D23: MEDIUM | E23: =IF(D23="LOW", 16, IF(D23="MEDIUM", 40, IF(D23="HIGH", 100, ""))) -> 40
A24: 8.4 | B24: VI Treatment Vessel Setup - Comprehensive | C24: Complex vessel setup form: Bag info (Part No., Batch No., Exp. Date, SAP consumption), mixer drive/top base/magnetic clamp attachments, OR Tank info (Tank ID, CIP Batch, CIP Exp, Pressure Test, SIP Batch). Filter info for vent filter + up to 3 product filters with autoclave tracking. Tare weight recording with scale ID. | D24: HIGH | E24: =IF(D24="LOW", 16, IF(D24="MEDIUM", 40, IF(D24="HIGH", 100, ""))) -> 100
A25: 8.5 | B25: Obtain Transfer Tubing/Hosing | C25: Obtain transfer tubing or clean flex hose. Record info in Attachment 5: Transfer Tubing/Hosing Information. | D25: LOW | E25: =IF(D25="LOW", 16, IF(D25="MEDIUM", 40, IF(D25="HIGH", 100, ""))) -> 16
A26: 8.6 | B26: Connect Transfer Tubing | C26: Connect transfer tubing/hose from outlet of Affinity Product Vessel to inlet of VI Treatment Vessel. Confirm dip tube orientation for tanks. | D26: LOW | E26: =IF(D26="LOW", 16, IF(D26="MEDIUM", 40, IF(D26="HIGH", 100, ""))) -> 16
A27: 8.7 | B27: Transfer Affinity Product | C27: Transfer all Affinity product to VI Treatment Vessel. Disconnect transfer tubing after completion. | D27: MEDIUM | E27: =IF(D27="LOW", 16, IF(D27="MEDIUM", 40, IF(D27="HIGH", 100, ""))) -> 40
A28: 8.8 | B28: Mix Product in Treatment Vessel (≥15 min) | C28: Mix product ≥15 minutes per SOP-0107102 (MagMix) or SOP-0107095 (tank). Record Mixer ID, agitation RPM, start/end times, duration. | D28: MEDIUM | E28: =IF(D28="LOW", 16, IF(D28="MEDIUM", 40, IF(D28="HIGH", 100, ""))) -> 40
A29: 8.9 | B29: Measure Temperature After Transfer | C29: Aliquot 10 mL sample into 50 mL conical, measure temperature. Record Scale/Balance ID, Calibration Due Date. Obtain gross and net weight after sampling. | D29: MEDIUM | E29: =IF(D29="LOW", 16, IF(D29="MEDIUM", 40, IF(D29="HIGH", 100, ""))) -> 40
A30: 8.1 | B30: Calculate Net Weight in Treatment Vessel | C30: Calculate net weight: Gross Weight − Tare Weight (Step 8.4) = Net weight in VI Treatment Vessel (kg=L). | D30: MEDIUM | E30: =IF(D30="LOW", 16, IF(D30="MEDIUM", 40, IF(D30="HIGH", 100, ""))) -> 40
... A79: 16.3 | B79: Review and Submit Batch Record | C79: Review Batch Production Record for completeness and submit for Production and QA review. | D79: LOW | E79: =IF(D79="LOW", 16, IF(D79="MEDIUM", 40, IF(D79="HIGH", 100, ""))) -> 16
A80: ATT-1 | B80: Attachment 1: Sampling Record | C80: Detailed sampling record table for VI (8012441) with DLIMS Project #, pre-load signature. 11 sample types across 2 designations (-10 Affinity Product and -30 VI Product). Samples: BIOBURDEN_IP, ENDOTOXIN_IP_GPF1, SOLO_A280 (STAT), CIEF_NATIV, CHO_SYBR, EL_CHO_GEN, SEC_PUR, CGE_N_RED, ABT Retain (5×14mL), PPS Small Retain (3×14mL). Record volume, location, tube type, intermediate storage temp, DLIMS storage temp, sample numbers. | D80: MEDIUM | E80: =IF(D80="LOW", 16, IF(D80="MEDIUM", 40, IF(D80="HIGH", 100, ""))) -> 40
A81: ATT-2 | B81: Attachment 2: Non-Routine Sampling Record | C81: Form for documenting non-routine samples: Process Section No., Contents, DLIMS Form/Project/Sample Number, Container Type, Quantity, Tests, Designation, Receiving Group, Storage Temp. Re-adjust weight if non-routine samples taken. Up to 5 entries. | D81: LOW | E81: =IF(D81="LOW", 16, IF(D81="MEDIUM", 40, IF(D81="HIGH", 100, ""))) -> 16
A82: ATT-3 | B82: Attachment 3: Hold Times | C82: Affinity Product storage tracking: up to 3 holds with Location, Temperature (RT or 2-8°C), Storage Start/End times, calculated hold durations for RT and 2-8°C separately. Total RT Hold Time (alert if >72 hrs), Total 2-8°C Hold Time, Total Combined Hold Time (alert if >168 hrs). Requires calculations and conditional supervisor contact. | D82: HIGH | E82: =IF(D82="LOW", 16, IF(D82="MEDIUM", 40, IF(D82="HIGH", 100, ""))) -> 100
A83: ATT-4 | B83: Attachment 4: Yield Calculations | C83: Multi-step yield calculations: Load Mass Pre-Sampling (Volume × Concentration), Load Mass Post-Sampling, Final Product Mass Pre-Sampling (Step 14.15 × concentration from 8012441-30), Final Product Mass Post-Sampling (Step 15.7 × concentration). Step Yield = (c)÷(b)×100%. MPR Yield = (d)÷(a)×100%. Cross-references to multiple steps. | D83: HIGH | E83: =IF(D83="LOW", 16, IF(D83="MEDIUM", 40, IF(D83="HIGH", 100, ""))) -> 100
A84: ATT-5 | B84: Attachment 5: Transfer Tubing/Hosing Information | C84: Material tracking for up to 3 tubing/hoses: Part No., Batch No., Exp. Date, Autoclave Cycle No./Exp. Date (if applicable), Hose Serial No., Cleaning Batch ID/Exp. Date. Dual signature. | D84: MEDIUM | E84: =IF(D84="LOW", 16, IF(D84="MEDIUM", 40, IF(D84="HIGH", 100, ""))) -> 40
A85: ATT-6 | B85: Attachment 6: Product Recirculation Worksheet | C85: Recirculation tracking for Sections 7, 8, 9, and 15: Product Name, Tubing Part/Batch/Exp/Autoclave info, Mixing Start/End Time, Mixing Duration (≥40 minutes). Four column entries for different process sections. | D85: MEDIUM | E85: =IF(D85="LOW", 16, IF(D85="MEDIUM", 40, IF(D85="HIGH", 100, ""))) -> 40
A86: ATT-7 | B86: Attachment 7: Comments Section | C86: 4-page free-text form for documenting deviations, supervisor decisions, out-of-specification events, process notes, and any additional information. Step No., Comments (initial and date each entry), Initials/Date columns. Approximately 44 blank rows across pages. | D86: LOW | E86: =IF(D86="LOW", 16, IF(D86="MEDIUM", 40, IF(D86="HIGH", 100, ""))) -> 16
A87: =COUNTA(Detailed_Analysis_2[Step Num]) -> 80 | E87: =SUM(Detailed_Analysis_2[Effort Hours (hrs)]) -> 3080

Sheet Virus Filtration
A1: Virus Filtration Batch Record Analysis
A2: Batch ID: PN - 8012475 | N2: Analysis Type | O2: Total Steps | P2: Effort Hours (hrs)
N3: Detailed Analysis | O3: =Detailed_Analysis_3[[#Totals],[Step Num]] -> 247 | P3: =Detailed_Analysis_3[[#Totals],[Effort Hours (hrs)]] -> 11932
N4: Streamlined Analysis | O4: =Streamlined_Analysis_3[[#Totals],[Step Num]] -> 21 | P4: =Streamlined_Analysis_3[[#Totals],[Effort Hours (hrs)]] -> 1092
A6: Step Num | B6: Title | C6: Brief Description | D6: Complexity | E6: Effort Hours (hrs) | G6: Step Num | H6: Title | I6: Brief Description | J6: Complexity | K6: Effort Hours (hrs)
A7: 7.1 | B7: Record Room Number | C7: Record the room number where this process will occur. | Room Number | D7: LOW | E7: =IF(D7="LOW", 16, IF(D7="MEDIUM", 40, IF(D7="HIGH", 100, ""))) -> 16 | G7: 7.2 | H7: Record CIPDS/Skid Information | I7: Obtain and record the following information from the AZD0543 CIPDS (FORM-0071789) and Skid Logbook. | CIPDS part number | CIPDS lot number | Skid ID | Cassette installation date | No. of cassettes used | Cassette part number | Cassette batch number | Cassette expiration date | Additional cassette batch number, if applicable | Additional cassette expiration date, if applicable | Hold-up volume of the UF/DF Skid | Total surface area of cassettes | Support Plate part number | Support Plate batch number | Support Plate expiration date | Logbook Number | CIPDS SAP Consumption Performed by/Date | J7: HIGH | K7: =IF(J7="LOW", 16, IF(J7="MEDIUM", 40, IF(J7="HIGH", 100, ""))) -> 100
A8: 7.2 | B8: Record CIPDS/Skid Information | C8: Obtain and record the following information from the AZD0543 CIPDS (FORM-0071789) and Skid Logbook. | CIPDS part number | CIPDS lot number | Skid ID | Cassette installation date | No. of cassettes used | Cassette part number | Cassette batch number | Cassette expiration date | Additional cassette batch number, if applicable | Additional cassette expiration date, if applicable | Hold-up volume of the UF/DF Skid | Total surface area of cassettes | Support Plate part number | Support Plate batch number | Support Plate expiration date | Logbook Number | CIPDS SAP Consumption Performed by/Date | D8: MEDIUM | E8: =IF(D8="LOW", 16, IF(D8="MEDIUM", 40, IF(D8="HIGH", 100, ""))) -> 40 | G8: 7.4 | H8: Record VF Product Information | I8: In the Step 7.6 “Virus Filtration Product Information” table:If a tank was used, N/A Vessels 2 and 3. For bag(s), N/A any unused Vessel fields.Record the net weight of each Virus Filtration Product from(MABR-0027575) MPR or the label of each product transport vessel.Record the tare weight of each Virus Filtration Product Vessel.Record the product concentration of each Virus Filtration Product Vessel.Record the corresponding DLIMS project number and sample number for the Virus Filtration Product(s) vessels. | J8: MEDIUM | K8: =IF(J8="LOW", 16, IF(J8="MEDIUM", 40, IF(J8="HIGH", 100, ""))) -> 40
A9: 7.3 | B9: Pre-Processing Verification | C9: Pre-Processing Activities for the UF/DF SkidVerify the data for the UF/DF Skid to be used.From the logbook, record in Step 7.4 the logbook number, the CIPDS batch number, and the date when the actions were documented.Ensure that the UF/DF Skid’s most immediate storage after sanitization has not exceeded 30 days storage.If the storage duration is greater than 30 days, contact a supervisor and document actions taken in Attachment 9: Comments Section. | D9: MEDIUM | E9: =IF(D9="LOW", 16, IF(D9="MEDIUM", 40, IF(D9="HIGH", 100, ""))) -> 40 | G9: 7.6 | H9: Calculate Total Grams VF Product per Vessel | I9: Calculate the total grams of Virus Filtration Product in each vessel.NOTE: N/A any unused Vessel fields below. | Virus Filtration (VF) Product Volume (Step 7.7) | Vessel 1 | L | Vessel 2, if applicable | L | Vessel 3, if applicable | L | Total grams of VF Product before sampling(Vessel 1 grams + Vessel 2 grams + Vessel 3 grams) | J9: MEDIUM | K9: =IF(J9="LOW", 16, IF(J9="MEDIUM", 40, IF(J9="HIGH", 100, ""))) -> 40
A10: 7.4 | B10: Record VF Product Information | C10: In the Step 7.6 “Virus Filtration Product Information” table:If a tank was used, N/A Vessels 2 and 3. For bag(s), N/A any unused Vessel fields.Record the net weight of each Virus Filtration Product from(MABR-0027575) MPR or the label of each product transport vessel.Record the tare weight of each Virus Filtration Product Vessel.Record the product concentration of each Virus Filtration Product Vessel.Record the corresponding DLIMS project number and sample number for the Virus Filtration Product(s) vessels. | D10: MEDIUM | E10: =IF(D10="LOW", 16, IF(D10="MEDIUM", 40, IF(D10="HIGH", 100, ""))) -> 40 | G10: 7.7 | H10: Calculate Minimum Membrane Surface Area | I10: Calculate the total membrane surface area needed for the UFDF process: | Total grams of VF Product before sampling(Step 7.8) | g | J10: MEDIUM | K10: =IF(J10="LOW", 16, IF(J10="MEDIUM", 40, IF(J10="HIGH", 100, ""))) -> 40
A11: 7.5 | B11: Calculate VF Product Volume per Vessel | C11: Calculate the Virus Filtration Product volume in each vessel.NOTE: N/A any unused Vessel fields below. | Virus Filtration Product Net Weight(Step 7.6) | Vessel 1 | kg | Vessel 2, if applicable | kg | Vessel 3, if applicable | kg | D11: MEDIUM | E11: =IF(D11="LOW", 16, IF(D11="MEDIUM", 40, IF(D11="HIGH", 100, ""))) -> 40 | G11: 8.12 | H11: Sample Retentate/Permeate — Record Results | I11: At the end of the recipe, take a sample of the retentate and permeate and record the results below. | Retentate Values | Conductivity (≤ 1 mS/cm) | Temperature (15 – 25°C) | Permeate Values | Conductivity (≤ 1 mS/cm) | Temperature (15 – 25°C) | J11: MEDIUM | K11: =IF(J11="LOW", 16, IF(J11="MEDIUM", 40, IF(J11="HIGH", 100, ""))) -> 40
A12: 7.6 | B12: Calculate Total Grams VF Product per Vessel | C12: Calculate the total grams of Virus Filtration Product in each vessel.NOTE: N/A any unused Vessel fields below. | Virus Filtration (VF) Product Volume (Step 7.7) | Vessel 1 | L | Vessel 2, if applicable | L | Vessel 3, if applicable | L | Total grams of VF Product before sampling(Vessel 1 grams + Vessel 2 grams + Vessel 3 grams) | D12: HIGH | E12: =IF(D12="LOW", 16, IF(D12="MEDIUM", 40, IF(D12="HIGH", 100, ""))) -> 100 | G12: 9.2 | H12: Mix VF Product (≥15 min) | I12: Mix the Virus Filtration product for at least 15 minutes and record mixing information below:Follow SOP-0080423 for the LevTech mixer. Follow SOP-0107095 for agitation in fixed tanks.If mixing by recirculation, N/A this step and document mixing in Attachment 7: Product Recirculation Work Sheet.N/A any unused Vessel fields below. | Vessel 1 | Mixer ID (if applicable) | Agitation Speed | Start Time | Duration (≥ 15 min) | Vessel 2, if applicable | Mixer ID (if applicable) | Agitation Speed | Start Time | Duration (≥ 15 min) | Vessel 3, if applicable | Mixer ID (if applicable) | Agitation Speed | Start Time | Duration (≥ 15 min) | J12: MEDIUM | K12: =IF(J12="LOW", 16, IF(J12="MEDIUM", 40, IF(J12="HIGH", 100, ""))) -> 40
A13: 7.7 | B13: Calculate Minimum Membrane Surface Area | C13: Calculate the total membrane surface area needed for the UFDF process: | Total grams of VF Product before sampling(Step 7.8) | g | D13: MEDIUM | E13: =IF(D13="LOW", 16, IF(D13="MEDIUM", 40, IF(D13="HIGH", 100, ""))) -> 40 | G13: 9.8 | H13: Weigh Product Vessels — Calculate Net Weight | I13: Weigh the product vessel(s) and record below. N/A any unused Vessel fields.Calculate the Net Weight for each vessel.The “Total Net Weight after sampling” is the sum of the net weights for each vessel. | Vessel | Gross Weight | Virus Filtration Product Vessel Tare Weight(Step 7.6) | Net Weight a | Total Net Weight of VF Product after sampling(Vessel 1 + Vessel 2 + Vessel 3) | Scale/Balance ID | Cal. Due Date | Net Weight = Gross weight – Virus Filtration Product Vessel Tare Weight | J13: MEDIUM | K13: =IF(J13="LOW", 16, IF(J13="MEDIUM", 40, IF(J13="HIGH", 100, ""))) -> 40
A14: 7.8 | B14: Verify Installed Surface Area ≥ Minimum | C14: Verify the total installed surface area of cassettes (Step 7.2) is greater than or equal to the minimum membrane surface area calculated in Step 7.9. | D14: LOW | E14: =IF(D14="LOW", 16, IF(D14="MEDIUM", 40, IF(D14="HIGH", 100, ""))) -> 16 | G14: 11.1 | H14: Obtain & Label Retentate Vessel (TK-1927) | I14: Obtain the Retentate Vessel.Label the vessel “Retentate Vessel”.Record the vessel’s tank ID, clean expiration date and time, sterilization expiration date and time, Cleaning and SIP Batch IDs and date of passed pressure test.Record the volume of the Retentate Vessel. | Tank ID | Cleaning Exp. Date / Time | Tank Date of Passed Pressure Test | Cleaning Batch ID | Sterilization Exp. Date/ Time | Sterilization Batch ID | Retentate Vessel Volume | Vent Filter Information | Part Number | Batch Number | Expiration Date | Serial Number | SAP Consumption Performed by/Date | J14: MEDIUM | K14: =IF(J14="LOW", 16, IF(J14="MEDIUM", 40, IF(J14="HIGH", 100, ""))) -> 40
A15: 8.1 | B15: WFI Setup and Charge | C15: Set up per SOP-0107111.WFI collected/obtained directly from the WFI Hold Tank (TK-1458) per SOP-0080303:Verify the SIP of the WFI Hold Tank was completed and the tank status is “Clean.”Before connecting to the UF skid, WFI Flush the TK-1458 WFI port on the transfer panel per the following instructions:Ensure an appropriately sized Tee with bleed valve is connected to the manual valve leading from TK-1458 on the transfer panel, then attach a clean hose to the other end of the Tee.Connect the other end of the hose to a process drain port.Ensure any valves on the process drain port are open, if applicable.Open the manual valve leading from the TK-1458 port. Ensure the valve is completely open.Flush TK-1458 through the transfer panel port manual valve to process drain for ≥30 seconds, then close the manual valve on the TK-1458 transfer panel port.N/A the bag information. WFI was/will be collected into a bag: Record the WFI collection vessel information.Verify that the WFI port has been flushed per SOP-0080185.Charge into the vessel and record the charge information. | Bag, if applicable | WFI Valve ID/Tank ID | WFI ChargeDate/Time | WFI Expiration Date/Time* | * The WFI Expiration Date/Time is 24 hours from the WFI Charge Date/Time. | SAP Consumption Performed by/Date | D15: MEDIUM | E15: =IF(D15="LOW", 16, IF(D15="MEDIUM", 40, IF(D15="HIGH", 100, ""))) -> 40 | G15: 11.6 | H15: Record Tare Weight Before Attachment | I15: Tare weight of Retentate Vessel before attachment | J15: MEDIUM | K15: =IF(J15="LOW", 16, IF(J15="MEDIUM", 40, IF(J15="HIGH", 100, ""))) -> 40
A16: 8.2 | B16: Confirm pH/Conductivity Meter Standardized | C16: Confirm that the pH meter has been standardized per SOP-0080297.Confirm that the conductivity meter has been standardized perSOP-0080297. | Meter ID | D16: MEDIUM | E16: =IF(D16="LOW", 16, IF(D16="MEDIUM", 40, IF(D16="HIGH", 100, ""))) -> 40 | G16: 14.11 | H16: Sample Retentate/Permeate (pH/Cond/Temp) | I16: Collect a sample from the permeate and retentate lines for pH, conductivity, and temperature measurement. Record the results below.NOTE: If the Retentate and Permeate pH values are not within range, contact a supervisor prior to proceeding and document actions taken in Attachment 9: Comments Section. | Retentate Values | pH (5.7 - 6.1) | Conductivity | Temperature (15 – 25°C) | Permeate Values | pH | Conductivity | Temperature (15 – 25°C) | J16: MEDIUM | K16: =IF(J16="LOW", 16, IF(J16="MEDIUM", 40, IF(J16="HIGH", 100, ""))) -> 40
A17: 8.3 | B17: Confirm Thermometer Calibration | C17: Confirm that the thermometer is within its calibration interval. Record the equipment ID of the thermometer used. | Thermometer ID | D17: LOW | E17: =IF(D17="LOW", 16, IF(D17="MEDIUM", 40, IF(D17="HIGH", 100, ""))) -> 16 | G17: 15.6 | H17: Record Conc 2 End Time/Weight/Volume | I17: Concentration 2 End Time | Retentate Weight * | Permeate Volume | J17: LOW | K17: =IF(J17="LOW", 16, IF(J17="MEDIUM", 40, IF(J17="HIGH", 100, ""))) -> 16
A18: 8.4 | B18: Ensure UF System Setup for WFI Flush | C18: Ensure that the Ultrafiltration (UF) system is set up for WFI flush of the installed cassettes according to SOP-0107111. | D18: MEDIUM | E18: =IF(D18="LOW", 16, IF(D18="MEDIUM", 40, IF(D18="HIGH", 100, ""))) -> 40 | G18: 16.34 | H18: Calculate Recovery Product Volume | I18: Calculate the volume of the Recovery Product after Transfer. | Net weight of Recovery Product after Transfer(Step 16.32) | kg | J18: MEDIUM | K18: =IF(J18="LOW", 16, IF(J18="MEDIUM", 40, IF(J18="HIGH", 100, ""))) -> 40
... A20: 8.6 | B20: Connect WFI to UF/DF Skid Feed Line | C20: Connect the WFI supply inlet to the UF/DF Skid feed line.Ensure that the retentate and permeate lines on the UF/DF Skid are directed to waste. | D20: MEDIUM | E20: =IF(D20="LOW", 16, IF(D20="MEDIUM", 40, IF(D20="HIGH", 100, ""))) -> 40 | G20: 18.4 | H20: Obtain SHC Filter | I20: Obtain an SHC filter per Section 4 and record the filter information below.NOTE: The bolded filter part number(s) in Section 4 require autoclaving. | Pre-Formulated Intermediate Product Filter Information | Part Number | Batch No. | Exp. Date | Autoclave Information, if applicable | AutoclaveCycle No. | SAP Consumption Performed by/Date | J20: MEDIUM | K20: =IF(J20="LOW", 16, IF(J20="MEDIUM", 40, IF(J20="HIGH", 100, ""))) -> 40
A21: 8.7 | B21: Calculate Target Flush Volume (22 L/m²) | C21: Calculate the target volume of solution needed for a 22.0 L/m2 WFI and Equilibration flushes. | Target Flush Volume | 22.0 L/m2 | D21: LOW | E21: =IF(D21="LOW", 16, IF(D21="MEDIUM", 40, IF(D21="HIGH", 100, ""))) -> 16 | G21: ATT-2 | H21: Operation Parameters | I21: Operation Parameters: 8-page recording form for Time, Pressures (Feed/Retentate/Permeate/ΔP), Pump Settings, Flow Rate, TMP, UV (OD), Weight, Totalizer, Temperature, Conductivity readings throughout UF/DF operations. | J21: HIGH | K21: =IF(J21="LOW", 16, IF(J21="MEDIUM", 40, IF(J21="HIGH", 100, ""))) -> 100
A22: 8.8 | B22: Run DF1244_Flush (Pre-Use WFI) | C22: Download and run DF1244_Flush according to SOP-0107111 to flush the UF/DF Skid with WFI.Record the batch ID and start time. The batch ID should follow this format:MPR Part Number_PrepWFI_Batch number_Processing DateNOTE: The membranes should be flushed no more than 24 hours before use. | Batch ID | Start Time | D22: MEDIUM | E22: =IF(D22="LOW", 16, IF(D22="MEDIUM", 40, IF(D22="HIGH", 100, ""))) -> 40 | G22: ATT-7 | H22: Product Recirculation Work Sheet | I22: Product Recirculation Work Sheet: Tubing details, pump ID, mixing start/end times, duration tracking for product recirculation. | J22: MEDIUM | K22: =IF(J22="LOW", 16, IF(J22="MEDIUM", 40, IF(J22="HIGH", 100, ""))) -> 40
A23: 8.9 | B23: Input Flush Volume Set Points | C23: At the user prompt, input the flush volume set points per the table below. | Process Step | Permeate Flush | Retentate Flush | D23: MEDIUM | E23: =IF(D23="LOW", 16, IF(D23="MEDIUM", 40, IF(D23="HIGH", 100, ""))) -> 40 | G23: ATT-8 | H23: Yield Calculations | I23: Yield Calculations: Pre-sampling mass, step yield, and MPR yield calculations. References PFI volume from Step 17.16 or 16.33. | J23: HIGH | K23: =IF(J23="LOW", 16, IF(J23="MEDIUM", 40, IF(J23="HIGH", 100, ""))) -> 100
A24: 8.1 | B24: Start Pre-Use WFI Flush Recipe | C24: Go to the Recipe Control screen on the UF/DF Skid HMI, and push START to initiate the pre-use WFI flush.Perform the WFI flush of the UF/DF Skid per SOP-0107111.Sample and document the flush conductivities per Step 8.12. | D24: MEDIUM | E24: =IF(D24="LOW", 16, IF(D24="MEDIUM", 40, IF(D24="HIGH", 100, ""))) -> 40 | G24: -- | H24: SOLO_AZ280 | I24: Attachment pulled from other batch records | J24: HIGH | K24: =IF(J24="LOW", 16, IF(J24="MEDIUM", 40, IF(J24="HIGH", 100, ""))) -> 100
A25: 8.11 | B25: Recipe Complete — Pump Stops | C25: At the completion of the recipe, the status changes from “Running” to “Complete” and the pump stops. | D25: MEDIUM | E25: =IF(D25="LOW", 16, IF(D25="MEDIUM", 40, IF(D25="HIGH", 100, ""))) -> 40 | G25: -- | H25: Recirculation Protocol | I25: Attachment pulled from other batch records | J25: MEDIUM | K25: =IF(J25="LOW", 16, IF(J25="MEDIUM", 40, IF(J25="HIGH", 100, ""))) -> 40
A26: 8.12 | B26: Sample Retentate/Permeate — Record Results | C26: At the end of the recipe, take a sample of the retentate and permeate and record the results below. | Retentate Values | Conductivity (≤ 1 mS/cm) | Temperature (15 – 25°C) | Permeate Values | Conductivity (≤ 1 mS/cm) | Temperature (15 – 25°C) | D26: MEDIUM | E26: =IF(D26="LOW", 16, IF(D26="MEDIUM", 40, IF(D26="HIGH", 100, ""))) -> 40 | G26: -- | H26: Casett Installation | I26: Attachment pulled from other batch records | J26: HIGH | K26: =IF(J26="LOW", 16, IF(J26="MEDIUM", 40, IF(J26="HIGH", 100, ""))) -> 100
A27: 8.13 | B27: Conductivity Check — Conditional N/A | C27: If the conductivity is in range, N/A the remainder of Section 8 and go to Section 9.If the conductivity is not in range, go to the next step. | D27: MEDIUM | E27: =IF(D27="LOW", 16, IF(D27="MEDIUM", 40, IF(D27="HIGH", 100, ""))) -> 40 | G27: -- | H27: VPro test work sheet | I27: Attachment pulled from other batch records | J27: LOW | K27: =IF(J27="LOW", 16, IF(J27="MEDIUM", 40, IF(J27="HIGH", 100, ""))) -> 16
A28: 8.14 | B28: Run DF1244_Flush (2nd WFI Flush) | C28: Download and run DF1244_Flush according to SOP-0107111 to flush the UF/DF Skid with WFI.Record the batch ID and start time. The batch ID should follow this format:MPR Part Number_PrepWFI2_Batch Number_Processing Date.NOTE: The membranes should be flushed no more than 24 hours prior to use. | Batch ID | Start Time | D28: MEDIUM | E28: =IF(D28="LOW", 16, IF(D28="MEDIUM", 40, IF(D28="HIGH", 100, ""))) -> 40 | G28: =COUNTA(Streamlined_Analysis_3[Step Num]) -> 21 | K28: =SUM(Streamlined_Analysis_3[Effort Hours (hrs)]) -> 1092
A29: 8.15 | B29: Input Flush Volume Set Points (2nd) | C29: At the user prompt, input the flush volumes per the table below. | Process Step | Permeate Flush | Retentate Flush | D29: MEDIUM | E29: =IF(D29="LOW", 16, IF(D29="MEDIUM", 40, IF(D29="HIGH", 100, ""))) -> 40
A30: 8.16 | B30: Start 2nd WFI Flush Recipe | C30: Go to the Recipe Control screen on the UF/DF Skid HMI, and push START to initiate the WFI flush of the UF/DF Skid.Perform the WFI flush of the UF/DF Skid per SOP-0107111.Sample and document the flush conductivities per Step 8.18. | D30: MEDIUM | E30: =IF(D30="LOW", 16, IF(D30="MEDIUM", 40, IF(D30="HIGH", 100, ""))) -> 40
A31: 8.17 | B31: Recipe Complete — Pump Stops | C31: At the completion of the recipe, the status changes from “Running” to “Complete” and the pump stops. | D31: MEDIUM | E31: =IF(D31="LOW", 16, IF(D31="MEDIUM", 40, IF(D31="HIGH", 100, ""))) -> 40
A32: 8.18 | B32: Sample Retentate/Permeate (2nd Flush) | C32: Take a sample of the retentate and permeate and record the results below.If the conductivities are not within the specified range after repeating the recipe, contact an area supervisor and document actions taken in Attachment 9: Comments Section. | Retentate Values | Conductivity (≤ 1 mS/cm) | Temperature (15 – 25°C) | Permeate Values | Conductivity (≤ 1 mS/cm) | Temperature (15 – 25°C) | D32: MEDIUM | E32: =IF(D32="LOW", 16, IF(D32="MEDIUM", 40, IF(D32="HIGH", 100, ""))) -> 40
A33: 9.1 | B33: Record Cold Storage Removal Time | C33: If the Virus Filtration Product was warmed up (from cold storage), ensure the time the product was removed from cold storage is recorded in Attachment 5: Hold Times. | D33: MEDIUM | E33: =IF(D33="LOW", 16, IF(D33="MEDIUM", 40, IF(D33="HIGH", 100, ""))) -> 40
A34: 9.2 | B34: Mix VF Product (≥15 min) | C34: Mix the Virus Filtration product for at least 15 minutes and record mixing information below:Follow SOP-0080423 for the LevTech mixer. Follow SOP-0107095 for agitation in fixed tanks.If mixing by recirculation, N/A this step and document mixing in Attachment 7: Product Recirculation Work Sheet.N/A any unused Vessel fields below. | Vessel 1 | Mixer ID (if applicable) | Agitation Speed | Start Time | Duration (≥ 15 min) | Vessel 2, if applicable | Mixer ID (if applicable) | Agitation Speed | Start Time | Duration (≥ 15 min) | Vessel 3, if applicable | Mixer ID (if applicable) | Agitation Speed | Start Time | Duration (≥ 15 min) | D34: MEDIUM | E34: =IF(D34="LOW", 16, IF(D34="MEDIUM", 40, IF(D34="HIGH", 100, ""))) -> 40
A35: 9.3 | B35: Collect Pre-Process Sample (-10) | C35: Remove at least the sample volume per Attachment 3: Sampling Record from each of the product collection vessel per SOP-0107097.If non-routine samples are requested by memo, complete Attachment 4: Non-Routine Sampling Record.N/A any unused Vessel fields below. | Sampling Date and Time, Vessel 1 | Sampling Date and Time, Vessel 2,if applicable | Sampling Date and Time, Vessel 3,if applicable | D35: MEDIUM | E35: =IF(D35="LOW", 16, IF(D35="MEDIUM", 40, IF(D35="HIGH", 100, ""))) -> 40
A36: 9.4 | B36: Aliquot Sample (-10) | C36: Aliquot the sample (sample designation: 8012475-10-1, 8012475-10-2, or 8012475-10-3, as applicable) per Attachment 3: Sampling Record.If applicable, aliquot non-routine samples per Attachment 4: Non-Routine Sampling Record.Label the sample per SOP-0107056. | D36: MEDIUM | E36: =IF(D36="LOW", 16, IF(D36="MEDIUM", 40, IF(D36="HIGH", 100, ""))) -> 40
A37: 9.5 | B37: Submit Sample to DLIMS | C37: Submit the sample to the storage location per SOP-0080295.Ensure the sampling time and location are updated in DLIMS. | D37: MEDIUM | E37: =IF(D37="LOW", 16, IF(D37="MEDIUM", 40, IF(D37="HIGH", 100, ""))) -> 40
A38: 9.6 | B38: Measure Sample Temperature | C38: Place the remaining sample in a 50 ml conical tube and measure the temperature of the sample per SOP-0107117.Record the reading below.N/A any unused Vessel fields below. | Vessel 1 Temperature | Vessel 2 Temperature, if applicable | Vessel 3 Temperature, if applicable | D38: MEDIUM | E38: =IF(D38="LOW", 16, IF(D38="MEDIUM", 40, IF(D38="HIGH", 100, ""))) -> 40
A39: 9.7 | B39: Conditional: Transfer Panel Setup | C39: If the VF product is in a bag or portable tank, N/A this step. Otherwise, continue below.In Purification, ensure the following:All the necessary transfer panel connections are made for transfer of the VF product to Formulation per SOP-0107099.The condensate flex hose on the transfer panel is removed and the manual valve that the flex hose was attached to is closed. UseSOP-0080548 for Large Purification fixed tanks and SOP-0080323 for Small Purification fixed tanks. | D39: MEDIUM | E39: =IF(D39="LOW", 16, IF(D39="MEDIUM", 40, IF(D39="HIGH", 100, ""))) -> 40
A40: 9.8 | B40: Weigh Product Vessels — Calculate Net Weight | C40: Weigh the product vessel(s) and record below. N/A any unused Vessel fields.Calculate the Net Weight for each vessel.The “Total Net Weight after sampling” is the sum of the net weights for each vessel. | Vessel | Gross Weight | Virus Filtration Product Vessel Tare Weight(Step 7.6) | Net Weight a | Total Net Weight of VF Product after sampling(Vessel 1 + Vessel 2 + Vessel 3) | Scale/Balance ID | Cal. Due Date | Net Weight = Gross weight – Virus Filtration Product Vessel Tare Weight | D40: MEDIUM | E40: =IF(D40="LOW", 16, IF(D40="MEDIUM", 40, IF(D40="HIGH", 100, ""))) -> 40
... A244: 21.2 | B244: Verify PFI Net Weight in SAP | C244: Verify that the PFI product net weight (from Step 18.8) is correctly inputted into SAP. | Review the Batch Production Record for completeness and submit for review. | D244: MEDIUM | E244: =IF(D244="LOW", 16, IF(D244="MEDIUM", 40, IF(D244="HIGH", 100, ""))) -> 40
A245: ATT-1 | B245: Tubing/Hose Information | C245: Tubing/Hose Information: Process tubing and hose tracking for Retentate Vessel connections. Serial numbers, cleaning expiration dates, autoclave cycle numbers. | D245: MEDIUM | E245: =IF(D245="LOW", 16, IF(D245="MEDIUM", 40, IF(D245="HIGH", 100, ""))) -> 40
A246: ATT-2 | B246: Operation Parameters | C246: Operation Parameters: 8-page recording form for Time, Pressures (Feed/Retentate/Permeate/ΔP), Pump Settings, Flow Rate, TMP, UV (OD), Weight, Totalizer, Temperature, Conductivity readings throughout UF/DF operations. | D246: HIGH | E246: =IF(D246="LOW", 16, IF(D246="MEDIUM", 40, IF(D246="HIGH", 100, ""))) -> 100
A247: ATT-3 | B247: Sampling Record | C247: Sampling Record: Comprehensive sample tracking with DLIMS Projects, sample designations (-10/-20/-30/-40), test assignments (BIOBURDEN, SOLO_A280, ENDOTOXIN, OSMOLALITY). | D247: HIGH | E247: =IF(D247="LOW", 16, IF(D247="MEDIUM", 40, IF(D247="HIGH", 100, ""))) -> 100
A248: ATT-4 | B248: Non-Routine Sampling Record | C248: Non-Routine Sampling Record: Form for additional samples requested by memo. Includes pre-load confirmation, DLIMS project/sample numbers. | D248: LOW | E248: =IF(D248="LOW", 16, IF(D248="MEDIUM", 40, IF(D248="HIGH", 100, ""))) -> 16
A249: ATT-5 | B249: Hold Times | C249: Hold Times: Track RT and 2-8°C storage periods for VF Product and PFI. Up to 3 hold periods with total duration calculations. | D249: HIGH | E249: =IF(D249="LOW", 16, IF(D249="MEDIUM", 40, IF(D249="HIGH", 100, ""))) -> 100
A250: ATT-6 | B250: Retentate Tank and DF-1244 Set-up | C250: Retentate Tank and DF-1244 Set-up: Diagram and checklist for TK-1927 setup with UF/DF skid connections, valve positions, sight glass placement. | D250: MEDIUM | E250: =IF(D250="LOW", 16, IF(D250="MEDIUM", 40, IF(D250="HIGH", 100, ""))) -> 40
A251: ATT-7 | B251: Product Recirculation Work Sheet | C251: Product Recirculation Work Sheet: Tubing details, pump ID, mixing start/end times, duration tracking for product recirculation. | D251: MEDIUM | E251: =IF(D251="LOW", 16, IF(D251="MEDIUM", 40, IF(D251="HIGH", 100, ""))) -> 40
A252: ATT-8 | B252: Yield Calculations | C252: Yield Calculations: Pre-sampling mass, step yield, and MPR yield calculations. References PFI volume from Step 17.16 or 16.33. | D252: HIGH | E252: =IF(D252="LOW", 16, IF(D252="MEDIUM", 40, IF(D252="HIGH", 100, ""))) -> 100
A253: ATT-9 | B253: Comments Section | C253: Comments Section: 6-page form for documenting deviations, additional notes, supervisor contacts. Step number, initial and date required for each entry. | D253: LOW | E253: =IF(D253="LOW", 16, IF(D253="MEDIUM", 40, IF(D253="HIGH", 100, ""))) -> 16
A254: =COUNTA(Detailed_Analysis_3[Step Num]) -> 247 | E254: =SUM(Detailed_Analysis_3[Effort Hours (hrs)]) -> 11932

Sheet Chromatography 1
A1: Chromatography 1 Batch Record Analysis
A2: Batch ID: PN - 8011840 | N2: Analysis Type | O2: Total Steps | P2: Effort Hours (hrs)
N3: Detailed Analysis | O3: =Detailed_Analysis_4[[#Totals],[Step Num]] -> 202 | P3: =Detailed_Analysis_4[[#Totals],[Effort Hours (hrs)]] -> 6508
N4: Streamlined Analysis | O4: =Streamlined_Analysis_4[[#Totals],[Step Num]] -> 29 | P4: =Streamlined_Analysis_4[[#Totals],[Effort Hours (hrs)]] -> 1520
A6: Step Num | B6: Title | C6: Brief Description | D6: Complexity | E6: Effort Hours (hrs) | G6: Step Num | H6: Title | I6: Brief Description | J6: Complexity | K6: Effort Hours (hrs)
A7: 5.1 | B7: Document Process Flowchart | C7: Process flowchart documenting the downstream process flow from Centrifuge Harvest (MABR-0026890 PN:8011847) through Affinity Chromatography to Virus Inactivation (MABR-0026892 PN:8011841). Includes buffer and solution flow paths. | D7: LOW | E7: =IF(D7="LOW", 16, IF(D7="MEDIUM", 40, IF(D7="HIGH", 100, ""))) -> 16 | G7: 5.1 | H7: Document Process Flowchart | I7: Process flowchart documenting the downstream process flow from Centrifuge Harvest (MABR-0026890 PN:8011847) through Affinity Chromatography to Virus Inactivation (MABR-0026892 PN:8011841). Includes buffer and solution flow paths. | J7: MEDIUM | K7: =IF(J7="LOW", 16, IF(J7="MEDIUM", 40, IF(J7="HIGH", 100, ""))) -> 40
A8: 5.2 | B8: Solution Batch Recording | C8: Record batch numbers and expiration dates for all chromatography solutions: Equilibration 1 (50 mM Tris pH 7.4, 8003734), Load (8011847 CM), Wash 1 (8011862), Wash 2 (A-005097), Elution (8002814), Acid Strip (A-005041), NaOH Strip (A0014-D), Column Sanitization, Column Storage (8002256), Skid Sanitization (1.0N NaOH A0191-D), Skid Storage (0.1N NaOH). Day 1 and Day 2 batch/expiry tracking for each. | D8: MEDIUM | E8: =IF(D8="LOW", 16, IF(D8="MEDIUM", 40, IF(D8="HIGH", 100, ""))) -> 40 | G8: 5.2 | H8: Solution Batch Recording | I8: Record batch numbers and expiration dates for all chromatography solutions: Equilibration 1 (50 mM Tris pH 7.4, 8003734), Load (8011847 CM), Wash 1 (8011862), Wash 2 (A-005097), Elution (8002814), Acid Strip (A-005041), NaOH Strip (A0014-D), Column Sanitization, Column Storage (8002256), Skid Sanitization (1.0N NaOH A0191-D), Skid Storage (0.1N NaOH). Day 1 and Day 2 batch/expiry tracking for each. | J8: MEDIUM | K8: =IF(J8="LOW", 16, IF(J8="MEDIUM", 40, IF(J8="HIGH", 100, ""))) -> 40
A9: 5.3 | B9: Additional Solution Batch Recording | C9: Blank form for recording replacement solution batch information if a solution needs to be changed during processing. Requires Part No., Batch No., Process Order No., and Expiry Date. Document changes in Attachment 10. | D9: LOW | E9: =IF(D9="LOW", 16, IF(D9="MEDIUM", 40, IF(D9="HIGH", 100, ""))) -> 16 | G9: 5.3 | H9: Additional Solution Batch Recording | I9: Blank form for recording replacement solution batch information if a solution needs to be changed during processing. Requires Part No., Batch No., Process Order No., and Expiry Date. Document changes in Attachment 10. | J9: MEDIUM | K9: =IF(J9="LOW", 16, IF(J9="MEDIUM", 40, IF(J9="HIGH", 100, ""))) -> 40
A10: 6.1 | B10: Process Notes and Operating Parameters | C10: 15 process notes defining operating conditions: all activities at 15-27°C, calculation assumptions (1L=1kg), flowrate ranges for steady state, skid flush flowrates at 477 L/hr (exception: Elution flush matches elution flowrate), temporary flowrate excursions acceptable, material expiry verification, equipment calibration verification, PAUSE function behavior, manual command supervisor signature requirements, recirculation mixing alternatives, alert limit documentation requirements, and over-pressurization flow rate adjustment procedures. | D10: LOW | E10: =IF(D10="LOW", 16, IF(D10="MEDIUM", 40, IF(D10="HIGH", 100, ""))) -> 16 | G10: 7.3 | H10: Harvest Tank Information Recording | I10: Record detailed harvest tank information: Tank ID, CIP Batch ID and Exp Date, SIP Batch ID and Exp Date, then tank parameters per SOP-0080524 including temperature setpoint (2-8°C or 15-25°C), pressure (0.0 psig), agitation speed. Record tare weight, mixer information, transfer panel port. Maximum CM hold time: 240 hours at 2-8°C including up to 120 hours at 15-25°C. Multi-table data recording with Day 1/Day 2 columns. | J10: HIGH | K10: =IF(J10="LOW", 16, IF(J10="MEDIUM", 40, IF(J10="HIGH", 100, ""))) -> 100
A11: 7.1 | B11: Harvest Process Direction | C11: Verify with supervisor whether harvesting into Downstream or Cell Culture. Conditional: if harvesting into Cell Culture, N/A Sections 7, 8, 9 and Attachments 1, 2, 3 and continue to Section 10. If Downstream, continue to Step 7.2. | D11: LOW | E11: =IF(D11="LOW", 16, IF(D11="MEDIUM", 40, IF(D11="HIGH", 100, ""))) -> 16 | G11: 11.1 | H11: Obtain and Verify Affinity Column | I11: Obtain Ecolabs (Purolite) Jetted A50 column and CPDS (FORM-0064069). Verify packed for AZD3427. Label column. Record: Media Name, Column ID, Packing Lot No., Column Diameter (80 cm), Bed Height (16-22 cm). Calculate Column Bed Volume (CV) = π/4 × D² × H. Record column pressures from CPDS: Column Inlet Pressure and Column Differential Pressure (ΔP). Multi-field data entry with calculations. | J11: HIGH | K11: =IF(J11="LOW", 16, IF(J11="MEDIUM", 40, IF(J11="HIGH", 100, ""))) -> 100
A12: 7.2 | B12: Harvest Tank Setup Verification | C12: Fill out harvest tank (Conditioned Medium collection tank) information in Step 7.3. | D12: LOW | E12: =IF(D12="LOW", 16, IF(D12="MEDIUM", 40, IF(D12="HIGH", 100, ""))) -> 16 | G12: 11.4 | H12: Verify Skid Sanitization and Storage Status | I12: Verify from the skid's logbook that the chromatography SKID was both: sanitized with 1.0 N Sodium Hydroxide (A0191-D) and stored in A0014-D: 0.1 N Sodium Hydroxide. Day 1 and Day 2 verification with dual signatures. | J12: MEDIUM | K12: =IF(J12="LOW", 16, IF(J12="MEDIUM", 40, IF(J12="HIGH", 100, ""))) -> 40
A13: 7.3 | B13: Harvest Tank Information Recording | C13: Record detailed harvest tank information: Tank ID, CIP Batch ID and Exp Date, SIP Batch ID and Exp Date, then tank parameters per SOP-0080524 including temperature setpoint (2-8°C or 15-25°C), pressure (0.0 psig), agitation speed. Record tare weight, mixer information, transfer panel port. Maximum CM hold time: 240 hours at 2-8°C including up to 120 hours at 15-25°C. Multi-table data recording with Day 1/Day 2 columns. | D13: HIGH | E13: =IF(D13="LOW", 16, IF(D13="MEDIUM", 40, IF(D13="HIGH", 100, ""))) -> 100 | G13: 13.4 | H13: Obtain and Install Product Filters | I13: Obtain product filters per Section 4. Record filter information (Part No., Batch No., Exp Date, Serial No.) for up to 3 filters. If tank: record CIP and SIP Batch IDs. Day 1 setup. | J13: HIGH | K13: =IF(J13="LOW", 16, IF(J13="MEDIUM", 40, IF(J13="HIGH", 100, ""))) -> 100
A14: 7.4 | B14: Obtain Sampler Components | C14: Record 5-Shot NovaSeptum Sampler cleaning cycle and expiry. Obtain and record: 1 Transfer Septum (4102085) or Transfer Unit (6002417), 1 Sampling Assembly 12x60mL (6002291), 3 NovaSeptum Bottle Applications 60mL (6002272). Multi-row material tracking table. | D14: MEDIUM | E14: =IF(D14="LOW", 16, IF(D14="MEDIUM", 40, IF(D14="HIGH", 100, ""))) -> 40 | G14: 15.7 | H14: Record Day 1 Total Filters Installed | I14: Record total number of filters installed for Day 1. | J14: LOW | K14: =IF(J14="LOW", 16, IF(J14="MEDIUM", 40, IF(J14="HIGH", 100, ""))) -> 16
A15: 7.5 | B15: Install Sampling on Harvest Tank | C15: Install the 5-Shot NovaSeptum sampler and bottle applications on the harvest tank per SOP-0107097. Signature required. | D15: LOW | E15: =IF(D15="LOW", 16, IF(D15="MEDIUM", 40, IF(D15="HIGH", 100, ""))) -> 16 | G15: 15.9 | H15: Record Day 1 Depth Filter Parameters | I15: Record surface area (m²), hold-up volume (L), and minimum WFI flush volume (L) for Day 1. | J15: HIGH | K15: =IF(J15="LOW", 16, IF(J15="MEDIUM", 40, IF(J15="HIGH", 100, ""))) -> 100
A16: 7.6 | B16: SAP Consumption Recording - Harvest Setup | C16: Record SAP consumption for materials used in Steps 7.3-7.5. | D16: LOW | E16: =IF(D16="LOW", 16, IF(D16="MEDIUM", 40, IF(D16="HIGH", 100, ""))) -> 16 | G16: 16.1 | H16: Verify Skid Meter Standardization | I16: Verify chromatography skid pH meter user standardized per SOP-0080402. Verify conductivity and UV meters within calibration. Record standardization date. Day 1 and Day 2. | J16: HIGH | K16: =IF(J16="LOW", 16, IF(J16="MEDIUM", 40, IF(J16="HIGH", 100, ""))) -> 100
A17: 7.7 | B17: pH/Conductivity Meter Verification | C17: Confirm pH and conductivity meter standardized per SOP-0080297. Record Meter ID. | D17: LOW | E17: =IF(D17="LOW", 16, IF(D17="MEDIUM", 40, IF(D17="HIGH", 100, ""))) -> 16 | G17: 16.2 | H17: Connect Buffers to Skid - Day 1 | I17: Connect 8 buffers to chromatography skid inlets: B4 (A0014-D NaOH Strip), B2 (A-005041 Acid Strip), A4 (8002814 Elution), B3 (A-005097 Wash 2), B1 (8011862 Wash 1), A3 (WFI), A1 (8003734 Equil 1/Load), A2 (8003734 Equil 2). Record Buffer Hold Tank IDs and Transfer Panel Valve IDs. | J17: MEDIUM | K17: =IF(J17="LOW", 16, IF(J17="MEDIUM", 40, IF(J17="HIGH", 100, ""))) -> 40
A18: 7.8 | B18: Connect Harvest Transfer Lines | C18: Connect hose to A12 on TP-1216, connect to appropriate transfer panel port on TP-1224 for harvest tank. Include tee and bleed valve for safe bleeding. | D18: MEDIUM | E18: =IF(D18="LOW", 16, IF(D18="MEDIUM", 40, IF(D18="HIGH", 100, ""))) -> 40 | G18: 16.3 | H18: Connect Buffers to Skid - Day 2 | I18: N/A if only 1 day. Repeat Day 1 buffer connections with Day 2 batch information. 8-inlet connection table. | J18: MEDIUM | K18: =IF(J18="LOW", 16, IF(J18="MEDIUM", 40, IF(J18="HIGH", 100, ""))) -> 40
... A30: 8.6 | B30: Set Harvest Tank Alarms | C30: Set and enable harvest tank alarms: High Agitation 25.0, Low Agitation 15.0, High Temperature per SOP, Low Temperature per SOP, High Pressure per SOP, Low Pressure per SOP. Record alarm setpoints table. | D30: MEDIUM | E30: =IF(D30="LOW", 16, IF(D30="MEDIUM", 40, IF(D30="HIGH", 100, ""))) -> 40 | G30: 20.3 | H30: Record Pre-Sampling Product Weight | I30: Record gross weight and calculate net weight of Filtered Affinity Product before sampling. Net Weight = Gross - Tare. | J30: LOW | K30: =IF(J30="LOW", 16, IF(J30="MEDIUM", 40, IF(J30="HIGH", 100, ""))) -> 16
A31: 8.7 | B31: Record CM Storage Parameters | C31: Record CM storage start time in Attachment 2. Select storage condition matching temperature setpoint. Maximum cumulative hold at 2-8°C is 240 hours including up to 120 hours at 15-25°C. | D31: LOW | E31: =IF(D31="LOW", 16, IF(D31="MEDIUM", 40, IF(D31="HIGH", 100, ""))) -> 16 | G31: ATT-1 | H31: Attachment 1: Conditioned Medium Sample Submission Chart | I31: Sample submission chart for CM (8011847-10) with 10+ samples: PROT_A_BIN (10mL), CHO_SYBR (10mL), EL_CHO_GEN (10mL), RED_RP_HPLC_FC_PEP (1mL), and retains. Each requires DLIMS Project Number, sample number, preload signature, tube type (PP3/PET), volume, test code. Labels per SOP-0107056. Includes nomenclature reference table. | J31: HIGH | K31: =IF(J31="LOW", 16, IF(J31="MEDIUM", 40, IF(J31="HIGH", 100, ""))) -> 100
A32: 8.8 | B32: Set/Verify Harvest Tank Parameters and Hold Time | C32: Set and/or verify harvest tank parameters per SOP-0080524. Maximum cumulative hold time of CM at 2-8°C is 240 hours including up to 120 hours at 15-25°C. Record CM storage start time in Attachment 2: Post-Harvest CM Hold Time Table. Select storage condition matching temperature setpoint. | D32: MEDIUM | E32: =IF(D32="LOW", 16, IF(D32="MEDIUM", 40, IF(D32="HIGH", 100, ""))) -> 40 | G32: ATT-2 | H32: Attachment 2: Post-Harvest CM Hold Time Table | I32: Multi-row hold time tracking table with columns: Hold #, Location (TK-xxxx), Temperature (RT or 2-8°C checkboxes), CM Storage Start time/date, CM Storage End time/date, Duration, Performed/Verified signatures. Up to 10 holds tracked. Calculate total storage duration at each temperature and combined total. Maximum hold: 240 hrs at 2-8°C including up to 120 hrs at 15-25°C. | J32: MEDIUM | K32: =IF(J32="LOW", 16, IF(J32="MEDIUM", 40, IF(J32="HIGH", 100, ""))) -> 40
A33: 8.9 | B33: Set and Enable Harvest Tank Alarms | C33: Set and enable harvest tank alarms per SOP-0080524: High Agitation (25.0), Low Agitation (15.0), High Temperature, Low Temperature, High Pressure, Low Pressure. Record setpoints in alarm table. | D33: MEDIUM | E33: =IF(D33="LOW", 16, IF(D33="MEDIUM", 40, IF(D33="HIGH", 100, ""))) -> 40 | G33: ATT-3 | H33: Attachment 3: Post-Storage CM Sampling Submission Chart | I33: Sample submission chart for post-storage CM (8011847-20). DLIMS test codes, volumes, tube types, storage temperatures. Dev Samples Green Form template. Includes preload signature and DLIMS project number tracking. | J33: MEDIUM | K33: =IF(J33="LOW", 16, IF(J33="MEDIUM", 40, IF(J33="HIGH", 100, ""))) -> 40
A34: 8.1 | B34: Record Harvest Tank Gross and Net Weight | C34: After tank pressure and weight have stabilized, obtain gross and net weight of harvest tank. Net Weight = Gross Weight - Tare Weight (Step 7.3). Record scale/balance ID. | D34: MEDIUM | E34: =IF(D34="LOW", 16, IF(D34="MEDIUM", 40, IF(D34="HIGH", 100, ""))) -> 40 | G34: ATT-4 | H34: Attachment 4: Sample Plan | I34: Comprehensive 2-page sample plan for Affinity Chromatography (8011840). Column effluent samples (-20 series) and product quality samples (-30 series). Lists DLIMS test names, volumes, locations, tube types, intermediate and DLIMS storage temperatures. Includes SOLO_A280 testing instructions. Development DLIMS Green Form template. STAT submissions in bold. | J34: MEDIUM | K34: =IF(J34="LOW", 16, IF(J34="MEDIUM", 40, IF(J34="HIGH", 100, ""))) -> 40
A35: 9.1 | B35: Agitate CM for Sampling | C35: Agitate CM for minimum 15 minutes prior to sampling. Record Mixer ID, Agitation Speed, Mix Start Time, Mix End Time. Do not turn off agitation after sampling. | D35: MEDIUM | E35: =IF(D35="LOW", 16, IF(D35="MEDIUM", 40, IF(D35="HIGH", 100, ""))) -> 40 | G35: ATT-8 | H35: Attachment 8: Adjusted Flowrate Table | I35: 3-page table for recording any adjusted flowrates during processing. Fields: Step Number, Cycle Number, Adjusted Flow Rate (L/hr), Reason for Change, Performed/Witnessed signatures. 10 rows per page, 3 pages = 30 possible entries. | J35: LOW | K35: =IF(J35="LOW", 16, IF(J35="MEDIUM", 40, IF(J35="HIGH", 100, ""))) -> 16
A36: 9.2 | B36: Collect CM Samples | C36: Collect samples per SOP-0107097. Record sampling date/time, gross weight, tare weight, net weight. Sample designation 8011847-10. | D36: MEDIUM | E36: =IF(D36="LOW", 16, IF(D36="MEDIUM", 40, IF(D36="HIGH", 100, ""))) -> 40 | G36: =COUNTA(Streamlined_Analysis_4[Step Num]) -> 29 | K36: =SUM(Streamlined_Analysis_4[Effort Hours (hrs)]) -> 1520
A37: 9.3 | B37: Label CM Samples | C37: Label each sample container per SOP-0107056 and Attachment 1: CM Sample Submission Chart (8011847-10). Attach DLIMS label. | D37: LOW | E37: =IF(D37="LOW", 16, IF(D37="MEDIUM", 40, IF(D37="HIGH", 100, ""))) -> 16
A38: 9.4 | B38: Verify DLIMS Submission | C38: Verify samples logged into DLIMS per SOP-0080295. Contact AS group for STAT HPLC Protein A Bindable sample (PROT_A_BIN). | D38: LOW | E38: =IF(D38="LOW", 16, IF(D38="MEDIUM", 40, IF(D38="HIGH", 100, ""))) -> 16
A39: 9.5 | B39: Submit Samples to AS | C39: Submit all samples (8011847-10) to AS per SOP-0080295. Enter sampling date/time in DLIMS. Ensure container types match DLIMS. | D39: LOW | E39: =IF(D39="LOW", 16, IF(D39="MEDIUM", 40, IF(D39="HIGH", 100, ""))) -> 16
A40: 9.6 | B40: Obtain Offline CM Measurements | C40: Obtain offline measurements of CM pH and Conductivity using calibrated meter. | D40: MEDIUM | E40: =IF(D40="LOW", 16, IF(D40="MEDIUM", 40, IF(D40="HIGH", 100, ""))) -> 40
A41: 9.7 | B41: Record CM Weight After Sampling | C41: Record gross weight and net weight of CM after sampling. Calculate net weight = gross - tare. | D41: LOW | E41: =IF(D41="LOW", 16, IF(D41="MEDIUM", 40, IF(D41="HIGH", 100, ""))) -> 16
A42: 9.8 | B42: Verify Hold Time Compliance | C42: Verify CM storage within allowed hold time. Record in Attachment 2. | D42: LOW | E42: =IF(D42="LOW", 16, IF(D42="MEDIUM", 40, IF(D42="HIGH", 100, ""))) -> 16
A43: 9.9 | B43: Record CM Weight After 8011847-10 Sampling | C43: Obtain gross and net weight of CM in harvest tank after 8011847-10 sampling. Record Gross Weight, calculate Net Weight = Gross Weight - Tare Weight (Step 7.3). Record Scale/Tank ID. | D43: MEDIUM | E43: =IF(D43="LOW", 16, IF(D43="MEDIUM", 40, IF(D43="HIGH", 100, ""))) -> 40
A44: 10.1 | B44: Record Room Number | C44: Record room where Affinity Chromatography will occur. Day 1 and Day 2. | D44: LOW | E44: =IF(D44="LOW", 16, IF(D44="MEDIUM", 40, IF(D44="HIGH", 100, ""))) -> 16
A45: 10.2 | B45: pH/Conductivity Meter Standardization | C45: Confirm pH and conductivity meter standardized per SOP-0080297. Record Meter ID for Day 1 and Day 2. | D45: LOW | E45: =IF(D45="LOW", 16, IF(D45="MEDIUM", 40, IF(D45="HIGH", 100, ""))) -> 16
A46: 10.3 | B46: Temperature Probe Verification | C46: Verify thermometer is within calibration interval per SOP-0107117. Record Thermometer ID for Day 1 and Day 2. | D46: LOW | E46: =IF(D46="LOW", 16, IF(D46="MEDIUM", 40, IF(D46="HIGH", 100, ""))) -> 16
A47: 10.4 | B47: Verify Equipment Calibration | C47: Verify balances and SoloVPE system within calibration per applicable SOPs. Record Equipment IDs for Day 1 and Day 2. | D47: LOW | E47: =IF(D47="LOW", 16, IF(D47="MEDIUM", 40, IF(D47="HIGH", 100, ""))) -> 16
A48: 10.5 | B48: Verify Data Logger and Process Trend | C48: Contact supervisor/designee and verify that the data logger is on. Verify the process trend for PK4000 is activated. Day 1 and Day 2. Then proceed: Day 1 processing continue to next step; Day 2 processing complete Steps 11.3 and 11.4 then continue to Step 12.17. | D48: MEDIUM | E48: =IF(D48="LOW", 16, IF(D48="MEDIUM", 40, IF(D48="HIGH", 100, ""))) -> 40
... A198: 22.3 | B198: Submit Batch Record for Review | C198: Review Batch Production Record for completeness and submit for review. Production initial/date. | D198: LOW | E198: =IF(D198="LOW", 16, IF(D198="MEDIUM", 40, IF(D198="HIGH", 100, ""))) -> 16
A199: ATT-1 | B199: Attachment 1: Conditioned Medium Sample Submission Chart | C199: Sample submission chart for CM (8011847-10) with 10+ samples: PROT_A_BIN (10mL), CHO_SYBR (10mL), EL_CHO_GEN (10mL), RED_RP_HPLC_FC_PEP (1mL), and retains. Each requires DLIMS Project Number, sample number, preload signature, tube type (PP3/PET), volume, test code. Labels per SOP-0107056. Includes nomenclature reference table. | D199: MEDIUM | E199: =IF(D199="LOW", 16, IF(D199="MEDIUM", 40, IF(D199="HIGH", 100, ""))) -> 40
A200: ATT-2 | B200: Attachment 2: Post-Harvest CM Hold Time Table | C200: Multi-row hold time tracking table with columns: Hold #, Location (TK-xxxx), Temperature (RT or 2-8°C checkboxes), CM Storage Start time/date, CM Storage End time/date, Duration, Performed/Verified signatures. Up to 10 holds tracked. Calculate total storage duration at each temperature and combined total. Maximum hold: 240 hrs at 2-8°C including up to 120 hrs at 15-25°C. | D200: HIGH | E200: =IF(D200="LOW", 16, IF(D200="MEDIUM", 40, IF(D200="HIGH", 100, ""))) -> 100
A201: ATT-3 | B201: Attachment 3: Post-Storage CM Sampling Submission Chart | C201: Sample submission chart for post-storage CM (8011847-20). DLIMS test codes, volumes, tube types, storage temperatures. Dev Samples Green Form template. Includes preload signature and DLIMS project number tracking. | D201: MEDIUM | E201: =IF(D201="LOW", 16, IF(D201="MEDIUM", 40, IF(D201="HIGH", 100, ""))) -> 40
A202: ATT-4 | B202: Attachment 4: Sample Plan | C202: Comprehensive 2-page sample plan for Affinity Chromatography (8011840). Column effluent samples (-20 series) and product quality samples (-30 series). Lists DLIMS test names, volumes, locations, tube types, intermediate and DLIMS storage temperatures. Includes SOLO_A280 testing instructions. Development DLIMS Green Form template. STAT submissions in bold. | D202: HIGH | E202: =IF(D202="LOW", 16, IF(D202="MEDIUM", 40, IF(D202="HIGH", 100, ""))) -> 100
A203: ATT-5 | B203: Attachment 5: Non-Routine Sampling Record | C203: Form for documenting non-routine samples. Re-adjust product weight to reflect samples taken. Log into DLIMS per SOP-0080295. Record Process Section No., Contents, DLIMS Form, DLIMS Project Number, Container Type, Quantity for up to 5 samples. | D203: LOW | E203: =IF(D203="LOW", 16, IF(D203="MEDIUM", 40, IF(D203="HIGH", 100, ""))) -> 16
A204: ATT-6 | B204: Attachment 6: Transfer Tubing/Hosing Information | C204: 3-page form tracking up to 12 hoses/tubing plus 1 additional (Section 20). For each: Day used (1/2), Part No., Batch No., Exp Date, Autoclave No., Autoclave Exp Date, Total length, ID/OD, Performed/Witnessed signatures. Covers product recirculation tubing. | D204: MEDIUM | E204: =IF(D204="LOW", 16, IF(D204="MEDIUM", 40, IF(D204="HIGH", 100, ""))) -> 40
A205: ATT-7 | B205: Attachment 7: Product Recirculation Work Sheet | C205: Worksheet for product recirculation mixing when not in a mixing vessel. Record tubing info, product name, start recirculation, mix for ≥40 minutes. Record Start Time, End Time, Duration, Flow Direction, Pump Speed. Duration = End Time - Start Time in minutes. | D205: MEDIUM | E205: =IF(D205="LOW", 16, IF(D205="MEDIUM", 40, IF(D205="HIGH", 100, ""))) -> 40
A206: ATT-8 | B206: Attachment 8: Adjusted Flowrate Table | C206: 3-page table for recording any adjusted flowrates during processing. Fields: Step Number, Cycle Number, Adjusted Flow Rate (L/hr), Reason for Change, Performed/Witnessed signatures. 10 rows per page, 3 pages = 30 possible entries. | D206: LOW | E206: =IF(D206="LOW", 16, IF(D206="MEDIUM", 40, IF(D206="HIGH", 100, ""))) -> 16
A207: ATT-9 | B207: Attachment 9: Yield Calculations | C207: Multi-step yield calculation worksheet: Load Mass Pre-Sampling (Load Volume × Concentration), Actual Load Mass (accounting for sampling), Final Product Mass Pre-Sampling, Final Product Mass Post-Sampling. Step Yield = Product Mass / Actual Load Mass × 100%. MPR Yield = Post-Sampling Product Mass / Pre-Sampling Load Mass × 100%. Cross-references Steps 12.6, 20.3, 20.9. | D207: HIGH | E207: =IF(D207="LOW", 16, IF(D207="MEDIUM", 40, IF(D207="HIGH", 100, ""))) -> 100
A208: ATT-10 | B208: Attachment 10: Comments Section | C208: 4-page free-text comments section for documenting deviations, supervisor decisions, out-of-specification events, process notes, adjusted flowrate reasons, and any additional information. Each entry requires Step No., Comments, and Initials/Date. 12 rows per page. | D208: LOW | E208: =IF(D208="LOW", 16, IF(D208="MEDIUM", 40, IF(D208="HIGH", 100, ""))) -> 16
A209: =COUNTA(Detailed_Analysis_4[Step Num]) -> 202 | E209: =SUM(Detailed_Analysis_4[Effort Hours (hrs)]) -> 6508

Sheet Chromatography 2
A1: Chromatography 2 Batch Record Analysis
A2: Batch ID: PN - 8011762 | N2: Analysis Type | O2: Total Steps | P2: Effort Hours (hrs)
N3: Detailed Analysis | O3: =Detailed_Analysis_5[[#Totals],[Step Num]] -> 216 | P3: =Detailed_Analysis_5[[#Totals],[Effort Hours (hrs)]] -> 8184
N4: Streamlined Analysis | O4: =Streamlined_Analysis_5[[#Totals],[Step Num]] -> 29 | P4: =Streamlined_Analysis_5[[#Totals],[Effort Hours (hrs)]] -> 1784
A6: Step Num | B6: Title | C6: Brief Description | D6: Complexity | E6: Effort Hours (hrs) | G6: Step Num | H6: Title | I6: Brief Description | J6: Complexity | K6: Effort Hours (hrs)
A7: 7.1 | B7: Room Designation | C7: Verify room number (G446 – Small Purification) where ALXN2230_IDB_AFFINITY PAK recipe will be started. | D7: LOW | E7: 16 | G7: 7.3 | H7: Data Logger and Process Trend Verification | I7: Contact supervisor/designee and verify data logger is on; verify process trend for PAK 1 is activated. | J7: LOW | K7: 16
A8: 7.2 | B8: PAK Equipment Selection | C8: Check off PAK equipment ID for IDB Affinity Manufacturing: PAK-4001 or PAK-4002; PAK referred to as 'PAK 1' for remainder of document. | D8: LOW | E8: 16 | G8: 7.8 | H8: CM SUM Vessel Tare Weight | I8: Record CM SUM vessel tare weight; will be obtained as part of Step 12.5. | J8: MEDIUM | K8: 40
A9: 7.3 | B9: Data Logger and Process Trend Verification | C9: Contact supervisor/designee and verify data logger is on; verify process trend for PAK 1 is activated. | D9: LOW | E9: 16 | G9: 8.1 | H9: Column Information | J9: MEDIUM | K9: 40
A10: 7.4 | B10: DCS Connection and Alarm Verification | C10: Verify connection to DCS and that system is responding; verify PAK alarms are active on DCS. | D10: LOW | E10: 16 | G10: 9.4 | H10: Yes/No for calculation | J10: MEDIUM | K10: 40
A11: 7.5 | B11: Recipe Dry Test Verification | C11: Verify that PAK recipe ALXN2230_IDB_AFFINITY has been Dry Tested per WI-0024031 and Ran-As Expected. | D11: LOW | E11: 16 | G11: 10.1 | H11: Affinity Product Collection Vessel Setup | I11: Obtain Affinity product collection vessel per DCCSS FORM-0123099; select from Flexsafe Pro SUM bags (6005028/200L, 6005029/400L, 6005040/1000L); record tare weight; fill product filter information in DCCSS. | J11: MEDIUM | K11: 40
A12: 7.6 | B12: CM Hold Vessel Documentation Reference | C12: Document the Conditioned Medium Hold Vessel information in Step 7.8. | D12: LOW | E12: 16 | G12: 11.9 | H12: Buffer Selection Screen | I12: Verify Buffer Selection screen parameters: EQ/Wash1, Sani, and buffer assignments; proceed to Dual Column Chromatography screen. | J12: MEDIUM | K12: 40
A13: 7.7 | B13: CM SUM Vessel Information | C13: Select and document CM SUM vessel: vessel size, minimum agitation & sampling volume/weight, bag part number, batch number, exp. date, SAP consumption. | D13: MEDIUM | E13: 40 | G13: 11.1 | H13: Unit operation Configuration Screen | J13: HIGH | K13: 100
A14: 7.8 | B14: CM SUM Vessel Tare Weight | C14: Record CM SUM vessel tare weight; will be obtained as part of Step 12.5. | D14: LOW | E14: 16 | G14: 11.12 | H14: Recipe Start | I14: Start ALXN2230_IDB_AFFINITY recipe per SOP-0122998; record Recipe Start Time; record batch ID in PAK1 logbook. | J14: MEDIUM | K14: 40
A15: 7.9 | B15: CM SUM Inlet/Outlet Connections Setup | C15: Set up inlet and outlet connections of CM SUM Vessel per diagram; DO NOT engage STC on port A11 on TP-1185 until Step 12.5; document transfer panel connectors, part numbers, batch numbers, exp dates, autoclave info, qty used; SAP consumption. | D15: MEDIUM | E15: 40 | G15: 11.12 | H15: Dual Column Chrom screeen | I15: Start ALXN2230_IDB_AFFINITY recipe per SOP-0122998; record Recipe Start Time; record batch ID in PAK1 logbook. | J15: MEDIUM | K15: 40
A16: 8.1 | B16: Affinity Column Information Recording | C16: Document OPUS MabSelect PrismA column info from DCCSS FORM-0123099: Resin Name, DCCSS Part/Lot Number, Column A & B Part Numbers (110034472), Serial Numbers, Column Bed Volume, Column Inlet Pressure, Differential Pressure (ΔP), Column Bed Height (20.5-23.5 cm specification). Assign pressures from DCCSS. | D16: HIGH | E16: 100 | G16: 11.17 | H16: Valve Verification - All VP and VB Closed | I16: Verify all VP and VB valves are closed on PAK 1. | J16: LOW | K16: 16
A17: 8.2 | B17: Column Inlet Pressure Calculation | C17: Calculate column inlet pressure for Affinity chromatography; compare Col A vs Col B pressures; verify from DCCSS that both columns were sanitized with 0.5N NaOH and equilibrated with 50mM Tris pH 7.4. | D17: MEDIUM | E17: 40 | G17: 12.1 | H17: CM Discard and Waste Line Sanitization - Daily Tables | I17: Multi-page (7+ continuation pages) iterative daily CM discard monitoring and waste line sanitization tables: daily tracking of CM discard via VP11, NaOH sanitization cycles, flow rate adjustments per WI-0021863, with Performed/Witnessed signatures each day. | J17: HIGH | K17: 100
A18: 8.3 | B18: Column Sanitization/Storage Verification | C18: Verify from DCCSS (FORM-0123099) that Affinity columns A and B have been sanitized with A0013-D: 0.5 N NaOH and stored in 8002256: 2% (v/v) Benzyl Alcohol, 100 mM Sodium Acetate per DCCSS instructions. | D18: MEDIUM | E18: 16 | G18: 12.17 | H18: Reverse calculation | J18: MEDIUM | K18: 40
A19: 9.1 | B19: Total Cell Culture Volume (TCCV) | C19: Obtain TCCV value from upstream (BRX vessel volume + TFF loop hold-up volume) and document. | D19: MEDIUM | E19: 40 | G19: 14.3 | H19: PH11 FK1 Inlet pH Calibration - Daily Tables | I19: Multi-day iterative calibration table (13 columns × multiple IDB days): Offline pH meter ID, Time/Date CM sampled, Offline pH, PH11 pH, Offset, YES/NO threshold check, Total Offset, update timestamp, dual signatures. | J19: HIGH | K19: 100
A20: 9.2 | B20: Load Residence Time Factor Calculation | C20: Calculate load residence time factor: TCCV (Step 9.1) ÷ conversion factor. | D20: HIGH | E20: 100 | G20: 14.5 | H20: FK1 Outlet pH Calibration - Daily Tables | I20: Multi-day calibration table for FK1 Outlet pH: IDB Day, Offline pH, FK1 Outlet pH, Offset, threshold check, Total Offset. | J20: HIGH | K20: 100
A21: 9.3 | B21: Target Affinity Load Residence Time | C21: Calculate Target Affinity Load Residence Time in minutes: Column Bed Volume (Step 8.1) ÷ factor from Step 9.2. | D21: HIGH | E21: 100 | G21: 14.8 | H21: Process Solution Batches - Tracking | I21: Multi-page solution batch tracking: initial + changeover documentation for all 6 solutions (50mM Tris, 0.5N NaOH, Wash 2, NaOAc pH 6.5, NaOAc pH 4.45, 100mM Acetic Acid) across IDB days; verify batch numbers, expiry dates, SAP consumption at each changeover. | J21: MEDIUM | K21: 40
A22: 9.4 | B22: Residence Time Confirmation | C22: Confirm that Step 9.3 result is ≥7 minutes; conditional: if YES continue, if NO contact supervisor. | D22: MEDIUM | E22: 40 | G22: 14.1 | H22: HPLC Testing - Daily Tables (15+ IDB Days) | I22: Multi-page (14+ continuation pages) iterative HPLC testing tables: daily CM sampling, titer results, PAK titer update, TFF changeout status, dual signatures per entry. | J22: HIGH | K22: 100
A23: 9.5 | B23: Target Affinity Load Calculation | C23: Calculate Target Affinity Load: Column Bed Volume (Step 8.1) × Target Load Challenge. | D23: HIGH | E23: 100 | G23: 14.12 | H23: CM Product Quality Sampling - Daily Tables | I23: Multi-page iterative CM product quality sampling tables across IDB days: sample collection, DLIMS submissions, product weight tracking. | J23: HIGH | K23: 100
A24: 9.6 | B24: Affinity Load Velocity Calculation | C24: Calculate Affinity Load velocity in cm/min: Column Height (Step 8.1) ÷ Minimum Affinity Load Residence Time. | D24: HIGH | E24: 100 | G24: 14.2 | H24: Column Load % Documentation Instructions | I24: Record Column Load % each cycle; 100% unless manually ended; document reasons in Att 13 if manual. | J24: HIGH | K24: 100
A25: 9.7 | B25: NaOH Hold Linear Velocity Calculation | C25: Calculate NaOH Hold linear velocity for minimum 15-minute contact time: Column Height × NaOH Hold Velocity Conversion Ratio. | D25: HIGH | E25: 100 | G25: 14.21 | H25: Column Load % and Elution Cycle CVs - Daily Tables | I25: Multi-page iterative Load % and Elution Cycle CV tables across IDB days: cycle-by-cycle tracking with dual signatures. | J25: MEDIUM | K25: 40
A26: 9.8 | B26: Load Challenge Confirmation | C26: Confirm calculated load challenge values; verify against specifications. | D26: MEDIUM | E26: 40 | G26: 17.4 | H26: IDF Vessel Tare Weight | I26: Record tare weight of IDF product collection vessel (if tank, per SOP-0107095). | J26: HIGH | K26: 100
A27: 9.9 | B27: Vessel Size Parameter for DCCSS | C27: Record Vessel Size of CM Hold Vessel (from Step 7.8) for DCCSS input. | D27: LOW | E27: 16 | G27: 18.5 | H27: Target Flow Rate Calculation | I27: Calculate target flow rate and parameters for depth filtration: L/min based on filter surface area. | J27: MEDIUM | K27: 40
A28: 9.1 | B28: Affinity Vessel Size for DCCSS | C28: Record Vessel Size of Affinity vessel (from Step 10.1) and TCCV (from Step 9.1) for DCCSS input. | D28: LOW | E28: 16 | G28: 19.9 | H28: Pump WFI Flush Execution | I28: Slowly begin flushing depth filters with WFI to bleed air. Increase pump speed to Target Flow Rate from Step 18.5. Do not exceed inlet pressure of 50 psig or ΔP of 30 psid. Continue until minimum flush volume from Step 18.5 achieved and conductivity ≤1 mS/cm. Record WFI flush volume and conductivity. | J28: LOW | K28: 16
A29: 10.1 | B29: Affinity Product Collection Vessel Setup | C29: Obtain Affinity product collection vessel per DCCSS FORM-0123099; select from Flexsafe Pro SUM bags (6005028/200L, 6005029/400L, 6005040/1000L); record tare weight; fill product filter information in DCCSS. | D29: MEDIUM | E29: 40 | G29: 21.8 | H29: IDF Hold Time Transcription | I29: Ensure hold times are transcribed into Attachment 10: IDB Affinity Product Hold Times. Transcribe Step 20.12 (Depth Filter Chase End Time) as IDB Affinity Product Storage End (Time/Date). | J29: MEDIUM | K29: 40
A30: 11.1 | B30: PAK 1 Probe Verification | C30: Verify pH, conductivity, and UV meter probes on PAK 1 documented in DCCSS FORM-0123099 and PAK Logbook FORM-0126766, user standardized per SOP-0122998. | D30: MEDIUM | E30: 40 | G30: 21.9 | H30: Proceed to Post-IDF Activities | I30: Proceed to Section 22: Post-Intermediate Depth Filtration: Chromatography Skid Sanitization and Storage. | J30: LOW | K30: 16
A31: 11.2 | B31: Process Solution Line Connections | C31: Verify solutions connected to PAK 1 buffer inlets: 50mM Tris pH 7.4 (VB11), 0.5N NaOH (VB12), Wash 2 buffer (25mM Tris/420mM Arg/500mM NaCl/Virodex pH 9.0), 25mM NaOAc pH 6.5 (Wash 3), 25mM NaOAc pH 4.45 (Elution), 100mM Acetic Acid (Strip). | D31: HIGH | E31: 100 | G31: ATT-1 | H31: Attachment 1: HPLC Setup & Method Verification | I31: Multi-page HPLC setup: Mobile Phase B Preparation (0.1% Phosphoric Acid in PBS), method verification per SOP-0123585, confirm method settings. 2 tables. | J31: HIGH | K31: 100
A32: 11.3 | B32: Solution Line Label Verification | C32: Verify each process solution line labeled per SOP-0107056 with: ALXN2230, solution part number, transfer panel number/port connection. | D32: LOW | E32: 16 | G32: ATT-9 | H32: Attachment 9: Conditioned Medium Hold Times | I32: CM hold time tracking: accumulates during CM Drain End (Step 12.16) → Cycle 1 Load Start (Step 13.10) and any pauses >12 hrs; worked example provided; contact supervisor if exceeded. | J32: MEDIUM | K32: 40
A33: 11.4 | B33: Process Solution Batch Recording | C33: For each Affinity solution, verify and document batch info in Step 14.8 Process Solution Batches table. | D33: MEDIUM | E33: 40 | G33: ATT-12 | H33: Attachment 12: Manual Pump Calibrations | I33: 16-table (8+ page) iterative pump calibration forms: Product Pumps 1&2, Buffer Pumps 1&2 per WI-0021861; repeat daily until New = Current Calibration Factor; max 4 calibrations/day before escalation. | J33: HIGH | K33: 100
A34: 11.5 | B34: CM Vessel Connection to PAK | C34: Connect CM Vessel to PAK; DO NOT engage STC on port A11 on TP-1185 until Step 12.5; record tubing part number, batch number, exp date, qty used. | D34: MEDIUM | E34: 40 | G34: -- | H34: CEX Column Storage | I34: Attachment pulled from other batch records | J34: HIGH | K34: 100
A35: 11.6 | B35: System Check - Recipe Parameters Loading | C35: Verify ALXN2230_IDB_AFFINITY recipe parameters loaded per Steps 11.9-11.13 tables. | D35: LOW | E35: 16 | G35: -- | H35: pH Adjustment | I35: Attachment pulled from other batch records | J35: HIGH | K35: 100
A36: 11.7 | B36: Process Configuration Screen | C36: Check off each task on Process Configuration Screen: batch-specific settings per recipe requirements. | D36: MEDIUM | E36: 40 | G36: =COUNTA(Streamlined_Analysis_5[Step Num]) -> 29 | K36: =SUM(Streamlined_Analysis_5[Effort Hours (hrs)]) -> 1784
A37: 11.8 | B37: Unit Operation Configuration Screen | C37: Verify Unit Operation parameters for all 4 unit operations; click Continue to proceed to Buffer Selection screen. Each unit operation has multiple parameter rows. | D37: HIGH | E37: 100
A38: 11.9 | B38: Buffer Selection Screen | C38: Verify Buffer Selection screen parameters: EQ/Wash1, Sani, and buffer assignments; proceed to Dual Column Chromatography screen. | D38: MEDIUM | E38: 40
A39: 11.1 | B39: Dual Column Chromatography - Left Pane | C39: Verify left pane parameters: Feed Parameters, Unit Operation Parameters (transcribe and verify), column assignments, flow path configuration. | D39: HIGH | E39: 100
A40: 11.11 | B40: Dual Column Chromatography - Right Pane | C40: Verify right pane: Buffer Assignment, Phase Name, CV, Velocity (cm/h), Elution settings, Gradient parameters (Start/Stop CV, Start/Stop Percent) for all chromatography phases. 22+ parameter rows across multiple phases. | D40: HIGH | E40: 100
A41: 11.12 | B41: Recipe Start | C41: Start ALXN2230_IDB_AFFINITY recipe per SOP-0122998; record Recipe Start Time; record batch ID in PAK1 logbook. | D41: MEDIUM | E41: 40
A42: 11.13 | B42: System Start-Up - Integrity Test | C42: System Integrity/Leak Test: follow SOP-0122998 and HMI prompts to open clamps during test; record test number, result (Pass/Fail), actions if failed. | D42: MEDIUM | E42: 40
A43: 11.14 | B43: Post-Integrity Test Pause | C43: PAK recipe paused - manual operations still allowed; will not RESUME until Step 12.22. | D43: LOW | E43: 16
A44: 11.15 | B44: Mass Flow Sensor Tare | C44: Clamp off mass flow sensors, open Maintenance Panel on HMI, tare mass flow sensors; unclamp after taring. | D44: MEDIUM | E44: 40
A45: 11.16 | B45: Flow Kit Tubing Installation | C45: Install flow kit tubing into pump runners per SOP-0122998. | D45: MEDIUM | E45: 40
A46: 11.17 | B46: Valve Verification - All VP and VB Closed | C46: Verify all VP and VB valves are closed on PAK 1. | D46: LOW | E46: 16
A47: 11.18 | B47: Pre-Skid Vessel Level Control Parameters | C47: Set Pre-Skid Vessel level control parameters on PAK 1 Process Overview Screen per WI-0021863. | D47: MEDIUM | E47: 40
A48: 11.19 | B48: Column Installation on PAK | C48: Install Affinity columns A and B on PAK system; verify column orientation and connections. | D48: MEDIUM | E48: 40
... A209: 23.4 | B209: Yield Verification and BPR Review | C209: Verify that the ALXN2230 IDB Affinity unit operation is yield-appropriate. Review the Batch Production Record for accuracy and completeness. | D209: MEDIUM | E209: 16
A210: ATT-1 | B210: Attachment 1: HPLC Setup & Method Verification | C210: Multi-page HPLC setup: Mobile Phase B Preparation (0.1% Phosphoric Acid in PBS), method verification per SOP-0123585, confirm method settings. 2 tables. | D210: MEDIUM | E210: 40
A211: ATT-2 | B211: Attachment 2: CM - Last Day of Production Perfusion Sampling | C211: Comprehensive sampling plan for last day of Production Perfusion: GREENFORM Template DLIMS submission, STAT samples (bold), pre-loading -30-CM-ALXN samples, requires ≤-65°C transfer within 2 days. | D211: HIGH | E211: 100
A212: ATT-3 | B212: Attachment 3: IDB Affinity Product Quality Sampling Plan - Final Pool | C212: Final product pool sampling plan: DLIMS submissions, STAT samples, pre-loading -30-ALXN samples, Brij-L9 Impurity Testing, 'in-process testing' designation. | D212: HIGH | E212: 100
A213: ATT-4 | B213: Attachment 4: IDF Product Quality Sampling Plan | C213: IDF product sampling plan: GREENFORM Template, STAT handling, pre-loading -30-IDF-ALXN samples. | D213: HIGH | E213: 100
A214: ATT-5 | B214: Attachment 5: Non-Routine Sampling Record | C214: 2-page form: document justification, re-adjust product weight, DLIMS per SOP-0080295, record project/sample numbers. | D214: LOW | E214: 16
A215: ATT-6 | B215: Attachment 6: Transfer Tubing/Hosing Information | C215: 3-page tubing/hosing tracking: Part No., Batch No., Exp. Date, autoclave info for all transfer tubing used. | D215: MEDIUM | E215: 40
A216: ATT-7 | B216: Attachment 7: Product Recirculation Work Sheet | C216: Recirculation worksheet: gamma irradiated tubing tracking (not required to be autoclaved), mixing duration calculations (end - start in minutes). | D216: MEDIUM | E216: 40
A217: ATT-8 | B217: Attachment 8: Adjusted Flow Rate/Linear Velocity Table | C217: 11-page iterative flow rate/velocity adjustment tables: CM Discard (Buffer Pump 1/Product Pump 1) and PAK IDB Recipe adjustments; linear velocity adjusted only when phase not running, flow rate adjustable during phase. | D217: HIGH | E217: 100
A218: ATT-9 | B218: Attachment 9: Conditioned Medium Hold Times | C218: CM hold time tracking: accumulates during CM Drain End (Step 12.16) → Cycle 1 Load Start (Step 13.10) and any pauses >12 hrs; worked example provided; contact supervisor if exceeded. | D218: MEDIUM | E218: 40
A219: ATT-10 | B219: Attachment 10: IDB Affinity Product Hold Times | C219: Product hold time tracking at 2-8°C and 15-25°C: storage start/end times, duration per temperature, combined duration; new entry when temp changes. | D219: MEDIUM | E219: 40
A220: ATT-11 | B220: Attachment 11: Yield Calculations | C220: 9-table (3-page) yield calculation worksheet: Affinity Product Mass Pre/Post-Sampling, Affinity Step Yield, Affinity MPR Yield, IDF Load Mass, IDF Product Mass Pre/Post-Sampling, IDF Step Yield, IDF MPR Yield. Cross-referenced multi-step calculations. | D220: HIGH | E220: 100
A221: ATT-12 | B221: Attachment 12: Manual Pump Calibrations | C221: 16-table (8+ page) iterative pump calibration forms: Product Pumps 1&2, Buffer Pumps 1&2 per WI-0021861; repeat daily until New = Current Calibration Factor; max 4 calibrations/day before escalation. | D221: HIGH | E221: 100
A222: ATT-13 | B222: Attachment 13: Comments Section | C222: 17-table (15+ page) free-text comments: deviations, supervisor decisions, out-of-spec events, flow rate changes, manual load interventions, Column Load % changes, additional notes. | D222: LOW | E222: 16
A223: =COUNTA(Detailed_Analysis_5[Step Num]) -> 216 | E223: =SUM(Detailed_Analysis_5[Effort Hours (hrs)]) -> 8184

Sheet Conjugation 1
A1: Conjugation 1 Batch Record Analysis
A2: Batch ID: PN - 8011882 | N2: Analysis Type | O2: Total Steps | P2: Effort Hours (hrs)
N3: Detailed Analysis | O3: =Detailed_Analysis_6[[#Totals],[Step Num]] -> 386 | P3: =Detailed_Analysis_6[[#Totals],[Effort Hours (hrs)]] -> 20024
N4: Streamlined Analysis | O4: =Streamlined_Analysis_6[[#Totals],[Step Num]] -> 23 | P4: =Streamlined_Analysis_6[[#Totals],[Effort Hours (hrs)]] -> 1256
A6: Step Num | B6: Title | C6: Brief Description | D6: Complexity | E6: Effort Hours (hrs) | G6: Step Num | H6: Title | I6: Brief Description | J6: Complexity | K6: Effort Hours (hrs)
A7: 8.1 | B7: Isolator Setup | C7: Verify that the Isolator Glove Bag has been set up per SOP-0080310. | D7: MEDIUM | E7: 40 | G7: 7.5 | H7: Isolator Setup | I7: Obtain the following materials required to connect the 2L flasks to the inlet of the Conjugation Vessel in Ventilated Enclosure 1 (VE1). Record the information below. | J7: MEDIUM | K7: =IF(J7="LOW", 16, IF(J7="MEDIUM", 40, IF(J7="HIGH", 100, ""))) -> 40
A8: 8.2 | B8: Isolator Setup | C8: Obtain one (1) 2L Flask with attached C-Flex and Acro-50 (PN: 4101926) and place in the Isolator. | D8: MEDIUM | E8: 40 | G8: 9.5 | H8: Set Up for Intermediate UFDF / VE1 Setup | I8: Set up the Single-Use Tangential Flow Filtration (TFF) system (DF-4002) according to SOP-0080204. | J8: MEDIUM | K8: =IF(J8="LOW", 16, IF(J8="MEDIUM", 40, IF(J8="HIGH", 100, ""))) -> 40
A9: 8.3 | B9: Isolator Setup | C9: Obtain one (1) 500g VWR-500P model single use scale and record the work order number, part number, supplier lot number and serial number below. | D9: MEDIUM | E9: 40 | G9: 9.6 | H9: Set Up for Intermediate UFDF / VE1 Setup | I9: Set up the Single-Use Tangential Flow Filtration (TFF) system (DF-4002) according to SOP-0080204. | J9: MEDIUM | K9: =IF(J9="LOW", 16, IF(J9="MEDIUM", 40, IF(J9="HIGH", 100, ""))) -> 40
A10: 8.4 | B10: Isolator Setup | C10: Once all materials are placed in the isolator, use a marker to create a visual guide for where the stir bar needs to align. | D10: MEDIUM | E10: 40 | G10: 11.2 | H10: mAb Thaw and Drug Linker Information | I10: Confirm with a supervisor the amount of INT-031 mAb intermediate and AZ14381262 drug linker (PN: 8012144) to thaw. | J10: HIGH | K10: =IF(J10="LOW", 16, IF(J10="MEDIUM", 40, IF(J10="HIGH", 100, ""))) -> 100
A11: 8.5 | B11: Isolator Setup | C11: Obtain the following materials required to connect the 2L flasks to the inlet of the Conjugation Vessel in Ventilated Enclosure 1 (VE1). Record the information below. | D11: MEDIUM | E11: 40 | G11: 11.4 | H11: mAb Thaw and Drug Linker Information | I11: Calculate the moles of expected AZ14381262 drug linker (PN: 8012144). | J11: HIGH | K11: =IF(J11="LOW", 16, IF(J11="MEDIUM", 40, IF(J11="HIGH", 100, ""))) -> 100
A12: 8.6 | B12: Isolator Setup | C12: Attachment 18 | D12: MEDIUM | E12: 40 | G12: 11.9 | H12: mAb Thaw and Drug Linker Information | I12: Prepare the vessels of INT-031 mAb Intermediate | J12: MEDIUM | K12: =IF(J12="LOW", 16, IF(J12="MEDIUM", 40, IF(J12="HIGH", 100, ""))) -> 40
A13: 8.7 | B13: Isolator Setup | C13: Obtain one (1) appropriately sized Mobius bag per Section 4 Bill of Materials and record the information below. | D13: MEDIUM | E13: 40 | G13: 11.13 | H13: mAb Thaw and Drug Linker Information | I13: Calculate the volume of the mAb intermediate for “Batch 1” listed in Step 11.13 and record the Batch Number below: | J13: MEDIUM | K13: =IF(J13="LOW", 16, IF(J13="MEDIUM", 40, IF(J13="HIGH", 100, ""))) -> 40
A14: 9.1 | B14: pH-Adjusted Diluted mAb Vessel Setup | C14: Set up the pH-Adjusted Diluted mAb Vessel per SOP-0080081. | D14: HIGH | E14: 100 | G14: 12.32 | H14: mAb Dilution | I14: Record the protein concentration, DLIMS Project, and Sample ID of the diluted product from 8011882-20 per Attachment 1: Sampling Record. | J14: MEDIUM | K14: =IF(J14="LOW", 16, IF(J14="MEDIUM", 40, IF(J14="HIGH", 100, ""))) -> 40
A15: 9.2 | B15: pH-Adjusted Diluted mAb Vessel Setup | C15: Install the pH-Adjustment Diluted mAb Vessel and set up the Mobius mixer per SOP-0080081 and SOP-0080504. | D15: MEDIUM | E15: 40 | G15: 13.1 | H15: pH Adjustment | I15: Record pH Adjustment in Step 13.10. Follow the steps below when performing the adjustment. | J15: HIGH | K15: =IF(J15="LOW", 16, IF(J15="MEDIUM", 40, IF(J15="HIGH", 100, ""))) -> 100
A16: 10.1 | B16: Set Up for Intermediate UFDF / VE1 Setup | C16: Obtain one (1) appropriately sized Mobius bag per Section 4 Bill of Materials and record the information below. | D16: MEDIUM | E16: 40 | G16: 15.3 | H16: mAb Reduction | I16: Change the temperature and alarm set points of the Intermediate UFDF vessel. | J16: MEDIUM | K16: =IF(J16="LOW", 16, IF(J16="MEDIUM", 40, IF(J16="HIGH", 100, ""))) -> 40
A17: 10.2 | B17: Set Up for Intermediate UFDF / VE1 Setup | C17: Obtain a sample assembly (PN: 6002363 or 6002346) and record the information below. | D17: MEDIUM | E17: 40 | G17: 17.5 | H17: WFI & Buffer Connections / UFDF Equilibration | I17: WFI Flush Container Set Up | J17: MEDIUM | K17: =IF(J17="LOW", 16, IF(J17="MEDIUM", 40, IF(J17="HIGH", 100, ""))) -> 40
A18: 10.3 | B18: Set Up for Intermediate UFDF / VE1 Setup | C18: Obtain one (1) reducer (PN: 6003446, 6002392, or Attachment 35 in SOP-0081075) and record the information below. | D18: MEDIUM | E18: 40 | G18: 17.8 | H18: WFI & Buffer Connections / UFDF Equilibration | I18: Ensure the flow paths from the buffers connected in Steps 17.8 - 17.10 are open and unobstructed. | J18: MEDIUM | K18: =IF(J18="LOW", 16, IF(J18="MEDIUM", 40, IF(J18="HIGH", 100, ""))) -> 40
... A28: 10.13 | B28: Set Up for Intermediate UFDF / VE1 Setup | C28: Assemble 2 Flush sampling ports with Y connectors, tubing, hose barbs, and cable ties per the image in this step. | D28: MEDIUM | E28: 40 | G28: 24.3 | H28: Prepare 25 mM Drug Linker in DMSO | I28: Obtain the drug linker AZ14381262 PN: 8012144 to thaw per Step 11.2. | J28: MEDIUM | K28: =IF(J28="LOW", 16, IF(J28="MEDIUM", 40, IF(J28="HIGH", 100, ""))) -> 40
A29: 10.14 | B29: Set Up for Intermediate UFDF / VE1 Setup | C29: Set up VE 1 drain for filter integrity testing of the bulk filter in PN: 8011885 – AZD9448 Formulation and Bulk Filtration (HCS, Process 1): | D29: MEDIUM | E29: 40 | G29: ATT-4 | H29: Attachment 4: Hold Times - mAb Intermediate | I29: Hold time tracking for mAb Intermediate at R.T. and 2-8°C | J29: MEDIUM | K29: =IF(J29="LOW", 16, IF(J29="MEDIUM", 40, IF(J29="HIGH", 100, ""))) -> 40
A30: 10.15 | B30: Set Up for Intermediate UFDF / VE1 Setup | C30: Obtain one (1) appropriately sized Mobius bag per Section 4 and record the information below. | D30: MEDIUM | E30: 40 | G30: =COUNTA(Streamlined_Analysis_6[Step Num]) -> 23 | K30: =SUM(Streamlined_Analysis_6[Effort Hours (hrs)]) -> 1256
A31: 10.16 | B31: Set Up for Intermediate UFDF / VE1 Setup | C31: Obtain a sample assembly (PN: 6002363 or 6002346) and record the information below. | D31: MEDIUM | E31: 40
A32: 10.17 | B32: Set Up for Intermediate UFDF / VE1 Setup | C32: If crude conjugate non-routine samples are requested per memo and Attachment 2: Non-Routine Sampling Record, perform the following. Otherwise, N/A this step. | D32: MEDIUM | E32: 40
A33: 10.18 | B33: Set Up for Intermediate UFDF / VE1 Setup | C33: Obtain a Y Assembly (PN: 6002381) and record the information below. | D33: MEDIUM | E33: 40
A34: 10.19 | B34: Set Up for Intermediate UFDF / VE1 Setup | C34: Obtain two (2) reducers (PN: 6003446, 6002392, or Attachment 35 in SOP-0081075) and record the information below. | D34: MEDIUM | E34: 40
A35: 10.2 | B35: Set Up for Intermediate UFDF / VE1 Setup | C35: Install the Conjugation Vessel Mobius bag and set up the Mobius mixer per SOP-0080081, SOP-0080504 and SOP-0080189. | D35: MEDIUM | E35: 40
A36: 10.21 | B36: Set Up for Intermediate UFDF / VE1 Setup | C36: Return the TCU back to controlling VE3 for Reduction temperature control in Intermediate UFDF Vessel. | D36: MEDIUM | E36: 40
A37: 10.22 | B37: Set Up for Intermediate UFDF / VE1 Setup | C37: Cover the Conjugation Vessel from light as much as possible. | D37: MEDIUM | E37: 40
A38: 11.1 | B38: mAb Thaw and Drug Linker Information | C38: Verify the target grams of INT-031 and target grams of AZ14381262 drug linker (PN: 8012144) to be conjugated aligns with the memo provided by Tech Transfer. | D38: MEDIUM | E38: 40
A39: 11.2 | B39: mAb Thaw and Drug Linker Information | C39: Confirm with a supervisor the amount of INT-031 mAb intermediate and AZ14381262 drug linker (PN: 8012144) to thaw. | D39: HIGH | E39: 100
A40: 11.3 | B40: mAb Thaw and Drug Linker Information | C40: Calculate the target net weight of pure AZ14381262 drug linker (PN: 8012144) to weigh out in the flask based on the expected recovery ratio of 97%. | D40: HIGH | E40: 100
A41: 11.4 | B41: mAb Thaw and Drug Linker Information | C41: Calculate the moles of expected AZ14381262 drug linker (PN: 8012144). | D41: HIGH | E41: 100
A42: 11.5 | B42: mAb Thaw and Drug Linker Information | C42: Calculate the required moles of INT-031 mAb needed for the AZ14381262 drug linker (PN: 8012144) solution. | D42: HIGH | E42: 100
... A382: 27.3 | B382: Batch Production Record Review | C382: Review the Batch Production Record for completeness and submit for review. | D382: LOW | E382: 16
A383: ATT-1 | B383: Attachment 1: Sampling Record | C383: Multi-page sampling record with DLIMS submission, intermediate storage temps, SOLO_A280 testing, GREENFORM templates | D383: HIGH | E383: 100
A384: ATT-1B | B384: Attachment 1: Sampling Record (continued) | C384: Continued sampling record covering samples 8011882-60 through -90 | D384: HIGH | E384: 100
A385: ATT-2 | B385: Attachment 2: Non-Routine Sampling Record | C385: Memo-requested non-routine samples with DLIMS logging | D385: LOW | E385: 16
A386: ATT-3 | B386: Attachment 3: Transfer Tubing/Hosing Information | C386: Tubing tracking: Part No., Batch No., Exp. Date, Connection From/To, Welder ID, Sealer ID | D386: MEDIUM | E386: 40
A387: ATT-3B | B387: Attachment 3: Transfer Tubing/Hosing (continued) | C387: Continued tubing/hosing information tracking | D387: MEDIUM | E387: 40
A388: ATT-4 | B388: Attachment 4: Hold Times - mAb Intermediate | C388: Hold time tracking for mAb Intermediate at R.T. and 2-8°C | D388: MEDIUM | E388: 40
A389: ATT-5 | B389: Attachment 5: Hold Times - pH-Adjusted Diluted mAb | C389: Hold time tracking for pH-Adjusted Diluted mAb at R.T. and 2-8°C | D389: MEDIUM | E389: 40
A390: ATT-6 | B390: Attachment 6: Hold Times - Intermediate UFDF Product | C390: Hold time tracking for Intermediate UFDF Product at R.T. and 2-8°C | D390: MEDIUM | E390: 40
A391: ATT-7 | B391: Attachment 7: Hold Times - Oxidized mAb Product | C391: Hold time tracking for Oxidized mAb Product at R.T. and 2-8°C | D391: MEDIUM | E391: 40
A392: ATT-8 | B392: Attachment 8: Comment Section | C392: Free-text form for deviations, supervisor decisions, OOS events, process notes | D392: LOW | E392: 16
A393: =COUNTA(Detailed_Analysis_6[Step Num]) -> 386 | E393: =SUM(Detailed_Analysis_6[Effort Hours (hrs)]) -> 20024

Sheet Conjugation 2
A1: Conjugation 2 Batch Record Analysis
A2: Batch ID: PN - 8012101 | N2: Analysis Type | O2: Total Steps | P2: Effort Hours (hrs)
N3: Detailed Analysis | O3: =Detailed_Analysis_7[[#Totals],[Step Num]] -> 73 | P3: =Detailed_Analysis_7[[#Totals],[Effort Hours (hrs)]] -> 2932
N4: Streamlined Analysis | O4: =Streamlined_Analysis_7[[#Totals],[Step Num]] -> 8 | P4: =Streamlined_Analysis_7[[#Totals],[Effort Hours (hrs)]] -> 296
A6: Step Num | B6: Title | C6: Brief Description | D6: Complexity | E6: Effort Hours (hrs) | G6: Step Num | H6: Title | I6: Brief Description | J6: Complexity | K6: Effort Hours (hrs)
A7: 7.1 | B7: Verify Isolator Glove Bag Setup | C7: Verify that the Glove Bag for the Isolator has been set up per SOP-0080310 before any drug-linker operations. | D7: LOW | E7: =IF(D7="LOW", 16, IF(D7="MEDIUM", 40, IF(D7="HIGH", 100, ""))) -> 16 | G7: 9.1 | H7: Transcribe Intermediate UFDF Product Values from MPR 8012100 | I7: Transcribe Filtered Intermediate UFDF Product Volume (Step 14.10), Net Weight (Step 14.9), and concentration (Step 12.10) from MPR MABR-0027672 / PN: 8012100. | J7: MEDIUM | K7: =IF(J7="LOW", 16, IF(J7="MEDIUM", 40, IF(J7="HIGH", 100, ""))) -> 40
A8: 7.2 | B8: Obtain and Load 2L Flask into Isolator | C8: Obtain one (1) 2L Flask with attached C-Flex and Acro-50 (PN: 4101926) and place inside the Isolator. Record Part No., Batch No., and Exp. Date. | D8: LOW | E8: =IF(D8="LOW", 16, IF(D8="MEDIUM", 40, IF(D8="HIGH", 100, ""))) -> 16 | G8: 10.2 | H8: Confirm Drug-linker Thaw Amount and Record Batch/Purity Details | I8: Confirm with supervisor the amount of Samrotecan Drug-linker (PN: 8010019) to thaw. Record Net Weight and Drug-linker Purity (%) for up to 3 batches. Obtain supervisor signature. | J8: MEDIUM | K8: =IF(J8="LOW", 16, IF(J8="MEDIUM", 40, IF(J8="HIGH", 100, ""))) -> 40
A9: 7.3 | B9: Obtain and Load 500g VWR-500P Scale into Isolator | C9: Obtain the 500g VWR-500P model single-use scale along with all required materials and place into the Isolator. Record the Work Order Number, Part Number, and Serial Number of the scale. | D9: LOW | E9: =IF(D9="LOW", 16, IF(D9="MEDIUM", 40, IF(D9="HIGH", 100, ""))) -> 16 | G9: 11.1 | H9: Obtain Tare Weights and Weigh DMSO into Flasks | I9: Obtain and record tare weight of each 2L flask (DMSO for 25mM Drug-linker, Line Priming, Chase Flasks). Weigh out DMSO (various PNs) into each flask and record net weight and weigh-out date/time. Record expiration date (1 day post-weigh-out). | J9: MEDIUM | K9: =IF(J9="LOW", 16, IF(J9="MEDIUM", 40, IF(J9="HIGH", 100, ""))) -> 40
A10: 7.4 | B10: Create Visual Guide for Scale in Isolator | C10: Once all materials are placed in the Isolator, use a marker to create a visual guide indicating where the scale should remain during processing to prevent movement. | D10: LOW | E10: =IF(D10="LOW", 16, IF(D10="MEDIUM", 40, IF(D10="HIGH", 100, ""))) -> 16 | G10: 11.13 | H10: Date and Time of Weigh Out | I10: Obtain materials and prepare for weigh out. | J10: MEDIUM | K10: =IF(J10="LOW", 16, IF(J10="MEDIUM", 40, IF(J10="HIGH", 100, ""))) -> 40
A11: 8.1 | B11: Identify and Record AZD1221 Mobius Mixer (VE1) | C11: Identify the Mobius Mixer labeled 'AZD1221', 'Intermediate UFDF Storage Vessel', and PN 8012100. Record the Mixer ID for the DAR(2+8) Conjugation Vessel in VE1. | D11: LOW | E11: =IF(D11="LOW", 16, IF(D11="MEDIUM", 40, IF(D11="HIGH", 100, ""))) -> 16 | G11: 12.2 | H11: Record Processing Room and Set Temperature on Conjugation Vessel | I11: Record the room number(s) where processing will occur. Set the temperature set point and temperature alarm set points of the DAR(2+8) Conjugation Vessel in VE1 per process requirements. | J11: LOW | K11: =IF(J11="LOW", 16, IF(J11="MEDIUM", 40, IF(J11="HIGH", 100, ""))) -> 16
A12: 8.2 | B12: Obtain and Record Connection Materials for VE1 | C12: Obtain all materials required to connect the 2L flasks to the inlet of the DAR(2+8) Conjugation Vessel. Record Part No./Assembly ID, Batch No./Autoclave Cycle No., and Exp./Autoclave Exp. Date. | D12: MEDIUM | E12: =IF(D12="LOW", 16, IF(D12="MEDIUM", 40, IF(D12="HIGH", 100, ""))) -> 40 | G12: 13.2 | H12: Net weight vessels | I12: Record the net weight from each vessel of Drug-linkers. | J12: MEDIUM | K12: =IF(J12="LOW", 16, IF(J12="MEDIUM", 40, IF(J12="HIGH", 100, ""))) -> 40
A13: 8.3 | B13: Weld/Attach Tubing and Record Welder ID (VE1 Setup) | C13: Weld or attach tubing assemblies connecting the 2L flasks to the DAR(2+8) Conjugation Vessel inlet. Record the Sartorius Biowelder ID. Perform SAP consumption for all materials used. | D13: LOW | E13: =IF(D13="LOW", 16, IF(D13="MEDIUM", 40, IF(D13="HIGH", 100, ""))) -> 16 | G13: 16.8 | H13: Target time | I13: Calculate max, min and target time to begin and end UFDF Vessle Fill | J13: MEDIUM | K13: =IF(J13="LOW", 16, IF(J13="MEDIUM", 40, IF(J13="HIGH", 100, ""))) -> 40
A14: 9.1 | B14: Transcribe Intermediate UFDF Product Values from MPR 8012100 | C14: Transcribe Filtered Intermediate UFDF Product Volume (Step 14.10), Net Weight (Step 14.9), and concentration (Step 12.10) from MPR MABR-0027672 / PN: 8012100. | D14: LOW | E14: =IF(D14="LOW", 16, IF(D14="MEDIUM", 40, IF(D14="HIGH", 100, ""))) -> 16 | G14: ATT-1 | H14: Attachment 1: PN 8012101 DAR(2+8) Crude Conjugate Information | I14: Transcription form to carry forward key values (net weights, volumes, concentrations, sample results) from PN 8012101 to the next unit operation (PN 8012112 Concentration and Diafiltration). Operator must transcribe values from indicated steps. | J14: MEDIUM | K14: =IF(J14="LOW", 16, IF(J14="MEDIUM", 40, IF(J14="HIGH", 100, ""))) -> 40
A15: 9.2 | B15: Calculate UFDF Product Volume After 8012101-10 Sampling | C15: Calculate the volume of Filtered Intermediate UFDF Product remaining in the DAR(2+8) Conjugation Vessel after 8012101-10 sample removal (0.035 L sample volume deducted). | D15: MEDIUM | E15: =IF(D15="LOW", 16, IF(D15="MEDIUM", 40, IF(D15="HIGH", 100, ""))) -> 40 | G15: =COUNTA(Streamlined_Analysis_7[Step Num]) -> 8 | K15: =SUM(Streamlined_Analysis_7[Effort Hours (hrs)]) -> 296
A16: 9.3 | B16: Calculate Mass of Protein in DAR(2+8) Conjugation Vessel | C16: Calculate total grams of protein by multiplying the post-sampling volume (Step 9.2) by the concentration (Step 9.1). Units: L × g/L = g. | D16: MEDIUM | E16: =IF(D16="LOW", 16, IF(D16="MEDIUM", 40, IF(D16="HIGH", 100, ""))) -> 40
A17: 9.4 | B17: Calculate Moles of Protein in DAR(2+8) Conjugation Vessel | C17: Divide total grams of protein (Step 9.3) by the molecular weight (145,481.16 g/mol, assumed same as DAR2 Conjugated Intermediate). Record to 5 significant figures. | D17: MEDIUM | E17: =IF(D17="LOW", 16, IF(D17="MEDIUM", 40, IF(D17="HIGH", 100, ""))) -> 40
A18: 9.5 | B18: Calculate Moles of 50 mM Neutralized TCEP Required | C18: Calculate moles of TCEP buffer needed using TCEP:mAb mole ratios of 5.5 (Min), 6.0 (Target), and 6.5 (Max) multiplied by moles of protein (Step 9.4). | D18: HIGH | E18: =IF(D18="LOW", 16, IF(D18="MEDIUM", 40, IF(D18="HIGH", 100, ""))) -> 100
A19: 9.6 | B19: Calculate Required Weight of 50 mM Neutralized TCEP | C19: Calculate the target weight of 50 mM Neutralized TCEP solution (PN: 8009045) using moles of TCEP (Step 9.5) × 20.2 kg/mol TCEP conversion factor for Min, Target, and Max. | D19: MEDIUM | E19: =IF(D19="LOW", 16, IF(D19="MEDIUM", 40, IF(D19="HIGH", 100, ""))) -> 40
A20: 10.1 | B20: Calculate Required Moles of Samrotecan Drug-linker | C20: Calculate moles of drug-linker needed based on moles of protein (Step 9.4) × conjugation ratios of 11.5 (NOR Min), 12.0 (Target), and 14.5 (NOR Max) mol drug-linker/mol mAb. | D20: HIGH | E20: =IF(D20="LOW", 16, IF(D20="MEDIUM", 40, IF(D20="HIGH", 100, ""))) -> 100
A21: 10.2 | B21: Confirm Drug-linker Thaw Amount and Record Batch/Purity Details | C21: Confirm with supervisor the amount of Samrotecan Drug-linker (PN: 8010019) to thaw. Record Net Weight and Drug-linker Purity (%) for up to 3 batches. Obtain supervisor signature. | D21: MEDIUM | E21: =IF(D21="LOW", 16, IF(D21="MEDIUM", 40, IF(D21="HIGH", 100, ""))) -> 40
A22: 10.3 | B22: Convert Drug-linker Purity % to Decimal (Per Batch) | C22: Convert purity percentage to decimal for each batch of Samrotecan Drug-linker by dividing by 100. N/A any batch numbers not used. | D22: LOW | E22: =IF(D22="LOW", 16, IF(D22="MEDIUM", 40, IF(D22="HIGH", 100, ""))) -> 16
A23: 10.4 | B23: Calculate Target Net Weight of Pure Drug-linker (Per Batch) | C23: For each batch: multiply net weight thawed × purity decimal × factor to get purity-adjusted net weight. Sum all batches to get Total Expected net weight of pure drug-linker after weigh-out. | D23: HIGH | E23: =IF(D23="LOW", 16, IF(D23="MEDIUM", 40, IF(D23="HIGH", 100, ""))) -> 100
A24: 10.5 | B24: Calculate and Confirm Total Moles of Expected Drug-linker | C24: Divide Total Expected Net Weight of pure drug-linker (Step 10.4) by molecular weight (1,148.3 g/mol) to get total moles. Confirm moles are within NOR (11.5–14.5 × moles protein). | D24: MEDIUM | E24: =IF(D24="LOW", 16, IF(D24="MEDIUM", 40, IF(D24="HIGH", 100, ""))) -> 40
A25: 11.1 | B25: Calculate Weight of DMSO Needed for 25 mM Drug-linker Solution | C25: Calculate target weight of DMSO using: Total Expected Net Weight of pure drug-linker (Step 10.4) × 38.32 g DMSO/g drug-linker. (Derived from density 974.57 g/L and 25 mM concentration). | D25: MEDIUM | E25: =IF(D25="LOW", 16, IF(D25="MEDIUM", 40, IF(D25="HIGH", 100, ""))) -> 40
A26: 11.2 | B26: Calculate Adjusted Weight of DMSO (Deduct Line Priming Volume) | C26: Subtract 50 g DMSO introduced during line priming from the target DMSO weight (Step 11.1) to get Adjusted Weight of DMSO for 25 mM Drug-linker Solution. | D26: MEDIUM | E26: =IF(D26="LOW", 16, IF(D26="MEDIUM", 40, IF(D26="HIGH", 100, ""))) -> 40
A27: 11.3 | B27: Calculate Target Volume of DMSO for 25 mM Drug-linker Solution | C27: Divide Adjusted Weight of DMSO (Step 11.2) by density of DMSO (1.100 g/mL) to obtain Target Volume of DMSO in mL. | D27: MEDIUM | E27: =IF(D27="LOW", 16, IF(D27="MEDIUM", 40, IF(D27="HIGH", 100, ""))) -> 40
... A73: 17.3 | B73: Review Batch Production Record for Completeness and Submit | C73: Review the complete Batch Production Record for completeness, accuracy, and all required signatures. Submit batch record for Quality Assurance review. | D73: LOW | E73: =IF(D73="LOW", 16, IF(D73="MEDIUM", 40, IF(D73="HIGH", 100, ""))) -> 16
A74: ATT-1 | B74: Attachment 1: PN 8012101 DAR(2+8) Crude Conjugate Information | C74: Transcription form to carry forward key values (net weights, volumes, concentrations, sample results) from PN 8012101 to the next unit operation (PN 8012112 Concentration and Diafiltration). Operator must transcribe values from indicated steps. | D74: MEDIUM | E74: =IF(D74="LOW", 16, IF(D74="MEDIUM", 40, IF(D74="HIGH", 100, ""))) -> 40
A75: ATT-2 | B75: Attachment 2: Sampling Record | C75: Formal sampling record for all in-process samples (8012101-10 pre-reduction and 8012101-20 post-quench) including DLIMS sample submission data. Operator must record intermediate storage temperature, tube type matching DLIMS, sample purpose (AS Retain or PPS Small Retain), and use GREENFORM template for DLIMS submissions. STAT samples indicated in bold. | D75: MEDIUM | E75: =IF(D75="LOW", 16, IF(D75="MEDIUM", 40, IF(D75="HIGH", 100, ""))) -> 40
A76: ATT-3 | B76: Attachment 3: Non-Routine Sampling Record | C76: To be completed only if non-routine samples are requested via memo. Operator must re-adjust product weight for any non-routine samples taken. Log into DLIMS per SOP-0080295 and record DLIMS project number and sample number. | D76: LOW | E76: =IF(D76="LOW", 16, IF(D76="MEDIUM", 40, IF(D76="HIGH", 100, ""))) -> 16
A77: ATT-4 | B77: Attachment 4: Transfer Tubing/Hosing Information | C77: Documentation form capturing all transfer tubing and hosing used during the process (up to 4 hoses/tubings per connection). Must record Part No., Batch No., Exp. Date, Pre-Load Performed By/Date. Continued on next page for additional connections. | D77: MEDIUM | E77: =IF(D77="LOW", 16, IF(D77="MEDIUM", 40, IF(D77="HIGH", 100, ""))) -> 40
A78: ATT-5 | B78: Attachment 5: Hold Times – Intermediate UFDF Product | C78: Hold time tracking form for the mAb Intermediate product at each storage temperature (2–8°C and RT 15–25°C). Operator records storage start time, end time, date, and location. Calculate storage duration for each temperature range and combined duration. Critical for product quality hold time compliance. | D78: HIGH | E78: =IF(D78="LOW", 16, IF(D78="MEDIUM", 40, IF(D78="HIGH", 100, ""))) -> 100
A79: ATT-6 | B79: Attachment 6: Comment Section | C79: General comment section for documenting deviations, non-conformances, additional observations, or any actions taken during processing. Multiple pages provided (4 comment tables in document). Each entry must include Step No., comment text, and operator initials/date. | D79: LOW | E79: =IF(D79="LOW", 16, IF(D79="MEDIUM", 40, IF(D79="HIGH", 100, ""))) -> 16
A80: =COUNTA(Detailed_Analysis_7[Step Num]) -> 73 | E80: =SUM(Detailed_Analysis_7[Effort Hours (hrs)]) -> 2932

Sheet Bulk Formulation
A1: Bulk Formulation Batch Record Analysis
A2: Batch ID: PN - 8011768 | N2: Analysis Type | O2: Total Steps | P2: Effort Hours (hrs)
N3: Detailed Analysis | O3: =Detailed_Analysis[[#Totals],[Step Num]] -> 158 | P3: =Detailed_Analysis[[#Totals],[Effort Hours (hrs)]] -> 6152
N4: Streamlined Analysis | O4: =Streamlined_Analysis[[#Totals],[Step Num]] -> 17 | P4: =Streamlined_Analysis[[#Totals],[Effort Hours (hrs)]] -> 1088
A6: Step Num | B6: Title | C6: Brief Description | D6: Complexity | E6: Effort Hours (hrs) | G6: Step Num | H6: Title | I6: Brief Description | J6: Complexity | K6: Effort Hours (hrs)
A7: 7.1 | B7: Record Processing Room Number | C7: Record the room number(s) where processing will occur. Simple room ID entry. | D7: LOW | E7: =IF(D7="LOW", 16, IF(D7="MEDIUM", 40, IF(D7="HIGH", 100, ""))) -> 16 | G7: 7.3 | H7: Record Pre-Formulated Intermediate (PFI) Information | I7: Record PFI information from upstream ALXN2230 C&D (MABR-0027057): DLIMS Project Number, DLIMS Sample Number, PFI Concentration (g/L), Tare Weight (kg=L), PFI Net Weight (kg), PFI Volume (L). SAP Consumption recording. | J7: MEDIUM | K7: =IF(J7="LOW", 16, IF(J7="MEDIUM", 40, IF(J7="HIGH", 100, ""))) -> 40
A8: 7.2 | B8: Verify PFI Warm-Up Time | C8: If PFI product was warmed up from cold storage, ensure the time does not exceed the limit in Attachment 4: Hold Times. Conditional check. | D8: LOW | E8: =IF(D8="LOW", 16, IF(D8="MEDIUM", 40, IF(D8="HIGH", 100, ""))) -> 16 | G8: 8.5 | H8: Record Formulation Vessel Information | I8: Complex multi-field form: Bottle/Stir Bar Autoclave Cycle No. and Exp. Date, Bag PN/Batch/Exp., Mixer Drive/Top Base/Magnetic Clamp checkboxes, Tank ID/CIP Batch ID/CIP Exp./Pressure Test Date/SIP Batch ID, Scale/Balance ID and Cal. Due Date, Tare Weight. Dual signature. | J8: HIGH | K8: =IF(J8="LOW", 16, IF(J8="MEDIUM", 40, IF(J8="HIGH", 100, ""))) -> 100
A9: 7.3 | B9: Record Pre-Formulated Intermediate (PFI) Information | C9: Record PFI information from upstream ALXN2230 C&D (MABR-0027057): DLIMS Project Number, DLIMS Sample Number, PFI Concentration (g/L), Tare Weight (kg=L), PFI Net Weight (kg), PFI Volume (L). SAP Consumption recording. | D9: MEDIUM | E9: =IF(D9="LOW", 16, IF(D9="MEDIUM", 40, IF(D9="HIGH", 100, ""))) -> 40 | G9: 9.4 | H9: Calculate EAB Weight Range (Max/Target/Min) | I9: Triple calculation: PFI Net Weight × Ratio = EAB Weight. Max (0.1200), Target (0.1237), Min (0.1274 kg/kg). EAB PN: 8012044. | J9: HIGH | K9: =IF(J9="LOW", 16, IF(J9="MEDIUM", 40, IF(J9="HIGH", 100, ""))) -> 100
A10: 8.1 | B10: Determine Starting Material Vessel Status | C10: Conditional check: if starting material is NOT in a mixing bag/tank/glass bottle, go to next step. If already in acceptable vessel, N/A Steps 8.2-8.7. | D10: LOW | E10: =IF(D10="LOW", 16, IF(D10="MEDIUM", 40, IF(D10="HIGH", 100, ""))) -> 16 | G10: 9.28 | H10: Measure Osmolality and Record Concentration | I10: Measure osmolality per SOP-0080509. Record concentration (g/L), osmolality (mOsm/kg FIO), DLIMS Project ID. Decision tree: >126.0→Section 10; 114.0-126.0→N/A Section 10; <114.0→Contact supervisor. | J10: HIGH | K10: =IF(J10="LOW", 16, IF(J10="MEDIUM", 40, IF(J10="HIGH", 100, ""))) -> 100
A11: 8.2 | B11: Select Formulation Vessel Type | C11: Selection of vessel type (glass bottle, mixing bag, or tank) with conditional paths for different vessel types. | D11: LOW | E11: =IF(D11="LOW", 16, IF(D11="MEDIUM", 40, IF(D11="HIGH", 100, ""))) -> 16 | G11: 13.7 | H11: Begin Bulk Filtration and Record Start Time | I11: Begin bulk filtration per SOP-0080259. Record Filtration Start Time and Starting Pressure. Fill first 6L Celsius FFT vessel per Step 13.9. | J11: MEDIUM | K11: =IF(J11="LOW", 16, IF(J11="MEDIUM", 40, IF(J11="HIGH", 100, ""))) -> 40
A12: 8.3 | B12: Label Formulation Vessel | C12: Label the vessel with ALXN2230, Formulation Mixing, PN 8011768, batch number, initials and date per SOP-0107056. | D12: LOW | E12: =IF(D12="LOW", 16, IF(D12="MEDIUM", 40, IF(D12="HIGH", 100, ""))) -> 16 | G12: 13.9 | H12: DS-1 Vessel Fill | I12: DS-1 Fill checklist: open pinch clamp to FIRST 6L Celsius FFT bag (DS-1), place on scale and zero, open vessel bag, start pump at low speed, fill to Target Net Weight (Step 13.5), stop pump, close clamp. Record fill weight. | J12: HIGH | K12: =IF(J12="LOW", 16, IF(J12="MEDIUM", 40, IF(J12="HIGH", 100, ""))) -> 100
A13: 8.4 | B13: Obtain Tare Weight of Mixing Vessel | C13: Obtain tare weight of mixing vessel. If using glass bottle, obtain before stir bar insertion. | D13: LOW | E13: =IF(D13="LOW", 16, IF(D13="MEDIUM", 40, IF(D13="HIGH", 100, ""))) -> 16 | G13: 14.2 | H13: Attach Logbook Pages for Storage Transfer | I13: Attach logbook pages for transfer to intermediate storage location (-55°C to -80°C) and final storage location (-15°C to -30°C). Product must be held at -55°C to -80°C between 48-168 hours before transfer to -15°C to -30°C. | J13: LOW | K13: =IF(J13="LOW", 16, IF(J13="MEDIUM", 40, IF(J13="HIGH", 100, ""))) -> 16
A14: 8.5 | B14: Record Formulation Vessel Information | C14: Complex multi-field form: Bottle/Stir Bar Autoclave Cycle No. and Exp. Date, Bag PN/Batch/Exp., Mixer Drive/Top Base/Magnetic Clamp checkboxes, Tank ID/CIP Batch ID/CIP Exp./Pressure Test Date/SIP Batch ID, Scale/Balance ID and Cal. Due Date, Tare Weight. Dual signature. | D14: HIGH | E14: =IF(D14="LOW", 16, IF(D14="MEDIUM", 40, IF(D14="HIGH", 100, ""))) -> 100 | G14: ATT-1 | H14: Attachment 1: AZ Sampling Record | I14: Multi-page sampling record covering all sample designations (8011768-10, -20, -30, -40, -40-ALXN) with DLIMS Project/Sample Numbers, sample volumes, test codes (SOLO_A280, BIOBURDEN_IP_GPF1, ENDOTOXIN_IP_GPF1), storage conditions, tube types. Includes GREENFORM/WHITEFORM/Lot Manager/CoA template references and STAT sample identification. | J14: HIGH | K14: =IF(J14="LOW", 16, IF(J14="MEDIUM", 40, IF(J14="HIGH", 100, ""))) -> 100
A15: 8.6 | B15: Obtain and Record Transfer Tubing Information | C15: If applicable, obtain tubing for PFI transfer. Record Part No./Batch No./Exp. Date/Autoclave Cycle No./Autoclave Exp. Date. Note: gamma-irradiated tubing not requiring autoclaving. | D15: MEDIUM | E15: =IF(D15="LOW", 16, IF(D15="MEDIUM", 40, IF(D15="HIGH", 100, ""))) -> 40 | G15: ATT-4 | H15: Attachment 4: Hold Times | I15: Multi-hold tracking form: up to 3 hold periods, each with Location, Temperature (RT or 2-8°C), PFI Storage Start/End times, Hold Time calculations. Total RT Hold Time (>168 hrs → contact supervisor), Total 2-8°C Hold Time, Total Combined (>336 hrs → contact supervisor). | J15: MEDIUM | K15: =IF(J15="LOW", 16, IF(J15="MEDIUM", 40, IF(J15="HIGH", 100, ""))) -> 40
A16: 8.7 | B16: Transfer PFI to Mixing Vessel | C16: Connect transfer line from starting material vessel outlet to mixing vessel inlet. Transfer PFI. Remove transfer line. | D16: MEDIUM | E16: =IF(D16="LOW", 16, IF(D16="MEDIUM", 40, IF(D16="HIGH", 100, ""))) -> 40 | G16: ATT-5 | H16: Attachment 5: Filter Integrity Test Worksheet | I16: Multi-page filter integrity test documentation: product filter info (Part No./Batch/Exp./Serial/Autoclave), integrity test results (Tester ID, Test Name, up to 3 test attempts with Pass/Fail), supervisor/QA contact for failures per SOP-0107233. Additional pages for backup filters. Printout attachment pages. | J16: HIGH | K16: =IF(J16="LOW", 16, IF(J16="MEDIUM", 40, IF(J16="HIGH", 100, ""))) -> 100
A17: 9.1 | B17: Record Gross Weight of Formulation Vessel | C17: Obtain gross weight of Formulation Vessel. Record gross weight and Scale/Balance ID and Calibration Due Date. | D17: LOW | E17: =IF(D17="LOW", 16, IF(D17="MEDIUM", 40, IF(D17="HIGH", 100, ""))) -> 16 | G17: ATT-6 | H17: Attachment 6: Yield Calculations for Formulated Drug Substance | I17: Two-page yield calculation worksheet: Step Yield and MPR Yield calculations. Cross-references multiple process steps for weight/volume inputs. | J17: HIGH | K17: =IF(J17="LOW", 16, IF(J17="MEDIUM", 40, IF(J17="HIGH", 100, ""))) -> 100
A18: 9.2 | B18: Calculate Net Weight of PFI | C18: Calculate: Gross Weight (Step 9.1) - Tare Weight (Step 7.3 or 8.5) = Net Weight of PFI (kg). | D18: MEDIUM | E18: =IF(D18="LOW", 16, IF(D18="MEDIUM", 40, IF(D18="HIGH", 100, ""))) -> 40 | G18: ATT-7 | H18: Attachment 7: Product Recirculation Worksheet | I18: Worksheet for product recirculation if needed during bulk filtration. Records mixing start time, end time, and duration calculations. | J18: MEDIUM | K18: =IF(J18="LOW", 16, IF(J18="MEDIUM", 40, IF(J18="HIGH", 100, ""))) -> 40
A19: 9.3 | B19: Calculate Volume of PFI | C19: Calculate: Net Weight (Step 9.2) ÷ PFI Density (1.0409 kg/L) = Volume of PFI (L). | D19: MEDIUM | E19: =IF(D19="LOW", 16, IF(D19="MEDIUM", 40, IF(D19="HIGH", 100, ""))) -> 40 | G19: ATT-13 | H19: Attachment 13: Celsius FFT Vessel Tare Weights | I19: Recording form for Celsius FFT vessel tare weights. Weight should not include the 2×30 mL Sample FFT bags. | J19: LOW | K19: =IF(J19="LOW", 16, IF(J19="MEDIUM", 40, IF(J19="HIGH", 100, ""))) -> 16
A20: 9.4 | B20: Calculate EAB Weight Range (Max/Target/Min) | C20: Triple calculation: PFI Net Weight × Ratio = EAB Weight. Max (0.1200), Target (0.1237), Min (0.1274 kg/kg). EAB PN: 8012044. | D20: HIGH | E20: =IF(D20="LOW", 16, IF(D20="MEDIUM", 40, IF(D20="HIGH", 100, ""))) -> 100 | G20: ATT-14 | H20: Attachment 14: Formulated Drug Substance Vessel Calculations – Celsius FFT Vessels | I20: Complex multi-vessel calculation worksheet: tare weight, gross weight after filling, net weight, volume for each DS vessel (DS-1, DS-2, etc.). Cross-references density (1.052 kg/L). | J20: HIGH | K20: =IF(J20="LOW", 16, IF(J20="MEDIUM", 40, IF(J20="HIGH", 100, ""))) -> 100
A21: 9.5 | B21: Select EAB Addition Method | C21: Conditional: BY VOLUME → next step, N/A Step 9.7. BY WEIGHT → N/A Steps 9.5-9.10, go to Step 9.11. | D21: LOW | E21: =IF(D21="LOW", 16, IF(D21="MEDIUM", 40, IF(D21="HIGH", 100, ""))) -> 16 | G21: ATT-15 | H21: Attachment 15: Sample Fill for -40 and -40-ALXN Samples | I21: Three-page sample fill recording form. Weight from DS density conversion factor 1.052 g/mL. Records individual sample bag weights for all -40 and -40-ALXN samples. | J21: MEDIUM | K21: =IF(J21="LOW", 16, IF(J21="MEDIUM", 40, IF(J21="HIGH", 100, ""))) -> 40
A22: 9.6 | B22: Calculate EAB Volume Range (Max/Target/Min) | C22: Calculate EAB volumes: Weight (Step 9.4) ÷ EAB Density (1.16 kg/L) = Volume. Three calculations for max/target/min. | D22: HIGH | E22: =IF(D22="LOW", 16, IF(D22="MEDIUM", 40, IF(D22="HIGH", 100, ""))) -> 100 | G22: ATT-16 | H22: Attachment 16: Label Control and Reconciliation | I22: Three-section form. Section 1: operator generates labels (Campaign, Batch, PN, Date of Manufacture, Storage Condition, total labels). Section 2: operators verify labels match BPR. Section 3: QA verification and destruction of remaining labels. | J22: MEDIUM | K22: =IF(J22="LOW", 16, IF(J22="MEDIUM", 40, IF(J22="HIGH", 100, ""))) -> 40
A23: 9.7 | B23: Obtain Materials for EAB Addition by Volume | C23: Obtain graduated cylinder or pipette(s) and tubing. Record Sterile Pipette, Graduated Cylinder, and Tubing info (PN/Batch/Exp/Autoclave). | D23: MEDIUM | E23: =IF(D23="LOW", 16, IF(D23="MEDIUM", 40, IF(D23="HIGH", 100, ""))) -> 40 | G23: ATT-17 | H23: Attachment 17: Process Area Checklist | I23: Pre-processing activities checklist for process area clearance and verification per SOP-0107057. | J23: LOW | K23: =IF(J23="LOW", 16, IF(J23="MEDIUM", 40, IF(J23="HIGH", 100, ""))) -> 16
A24: 9.8 | B24: Measure Target Volume of EAB | C24: Measure target volume from Step 9.6 using sterile pipette or graduated cylinder. Record Measured Volume of EAB (L). | D24: MEDIUM | E24: =IF(D24="LOW", 16, IF(D24="MEDIUM", 40, IF(D24="HIGH", 100, ""))) -> 40 | G24: =COUNTA(Streamlined_Analysis[Step Num]) -> 17 | K24: =SUM(Streamlined_Analysis[Effort Hours (hrs)]) -> 1088
A25: 9.9 | B25: Set Up Peristaltic Pump for EAB Transfer | C25: If using graduated cylinder and pump: thread tubing through pump per SOP-0080839, prime tubing, connect to mixing vessel. | D25: MEDIUM | E25: =IF(D25="LOW", 16, IF(D25="MEDIUM", 40, IF(D25="HIGH", 100, ""))) -> 40
A26: 9.1 | B26: Add Measured Volume of EAB to Mixing Vessel | C26: Add measured volume of EAB to PFI in the Mixing Vessel. Record EAB Addition Start Time. | D26: MEDIUM | E26: =IF(D26="LOW", 16, IF(D26="MEDIUM", 40, IF(D26="HIGH", 100, ""))) -> 40
A27: 9.11 | B27: Obtain Tubing for EAB Addition by Weight | C27: Obtain tubing for weight-based addition. Record Part No./Batch No./Exp. Date/Autoclave Cycle No./Exp. Date. | D27: MEDIUM | E27: =IF(D27="LOW", 16, IF(D27="MEDIUM", 40, IF(D27="HIGH", 100, ""))) -> 40
A28: 9.12 | B28: Connect and Prime EAB Tubing | C28: Connect tubing to EAB vessel outlet, thread through peristaltic pump, prime tubing. Connect primed tubing to Formulation Mixing Vessel inlet. | D28: MEDIUM | E28: =IF(D28="LOW", 16, IF(D28="MEDIUM", 40, IF(D28="HIGH", 100, ""))) -> 40
A29: 9.13 | B29: Record Peristaltic Pump ID | C29: Record peristaltic pump ID used for addition. | D29: LOW | E29: =IF(D29="LOW", 16, IF(D29="MEDIUM", 40, IF(D29="HIGH", 100, ""))) -> 16
A30: 9.14 | B30: Obtain Gross Weight Prior to EAB Addition (by Weight) | C30: Obtain gross weight of mixing vessel with attached tubing prior to EAB addition. Record Scale/Balance ID and Cal. Due Date. | D30: MEDIUM | E30: =IF(D30="LOW", 16, IF(D30="MEDIUM", 40, IF(D30="HIGH", 100, ""))) -> 40
A31: 9.15 | B31: Calculate Target Gross Weight After EAB Addition (Max/Target/Min) | C31: Triple calculation: Gross Weight (Step 9.14) + Weight of EAB (Step 9.4) = Target Gross Weight after transfer. Max/Target/Min ranges. | D31: HIGH | E31: =IF(D31="LOW", 16, IF(D31="MEDIUM", 40, IF(D31="HIGH", 100, ""))) -> 100
A32: 9.16 | B32: Pump EAB into Formulation Mixing Vessel (by Weight) | C32: Pump buffer (8012044) directly into Formulation Mixing Vessel (8011768). Record EAB Addition Start Time. | D32: MEDIUM | E32: =IF(D32="LOW", 16, IF(D32="MEDIUM", 40, IF(D32="HIGH", 100, ""))) -> 40
A33: 9.17 | B33: Record Gross Weight After EAB Addition | C33: Record gross weight after EAB addition. Ensure vessel in same configuration as prior measurement. Record Scale/Balance ID and Cal. Due Date. | D33: MEDIUM | E33: =IF(D33="LOW", 16, IF(D33="MEDIUM", 40, IF(D33="HIGH", 100, ""))) -> 40
A34: 9.18 | B34: Calculate Net Weight of EAB Added | C34: Calculate: Gross Weight after (Step 9.17) - Gross Weight prior (Step 9.14) = Net Weight of EAB Added (kg). SAP Consumption. | D34: MEDIUM | E34: =IF(D34="LOW", 16, IF(D34="MEDIUM", 40, IF(D34="HIGH", 100, ""))) -> 40
A35: 9.19 | B35: Verify EAB Weight Within Range | C35: Verify EAB added within range from Step 9.4. If out of range, contact supervisor. | D35: MEDIUM | E35: =IF(D35="LOW", 16, IF(D35="MEDIUM", 40, IF(D35="HIGH", 100, ""))) -> 40
A36: 9.2 | B36: Mix Product for ≥30 Minutes | C36: Mix by agitation ≥30 min. Record Mixer ID, Agitation Setting (RPM), Start Time, End Time, Duration (≥30 min verification). | D36: MEDIUM | E36: =IF(D36="LOW", 16, IF(D36="MEDIUM", 40, IF(D36="HIGH", 100, ""))) -> 40
... A147: 15.2 | B147: Quality Assurance Record Review | C147: Completed Record Reviewed By: Quality Assurance signature and date. | D147: LOW | E147: =IF(D147="LOW", 16, IF(D147="MEDIUM", 40, IF(D147="HIGH", 100, ""))) -> 16
A148: ATT-1 | B148: Attachment 1: AZ Sampling Record | C148: Multi-page sampling record covering all sample designations (8011768-10, -20, -30, -40, -40-ALXN) with DLIMS Project/Sample Numbers, sample volumes, test codes (SOLO_A280, BIOBURDEN_IP_GPF1, ENDOTOXIN_IP_GPF1), storage conditions, tube types. Includes GREENFORM/WHITEFORM/Lot Manager/CoA template references and STAT sample identification. | D148: HIGH | E148: =IF(D148="LOW", 16, IF(D148="MEDIUM", 40, IF(D148="HIGH", 100, ""))) -> 100
A149: ATT-2 | B149: Attachment 2: Alexion Sampling Plan | C149: Alexion-specific sampling plan with -40-ALXN samples: Release GMP Testing (2×25 mL), Client Retain (2×25 mL), Non-GMP Analytical Assays (25 mL), DPD Retain (2×20 mL), Reference Standard (2×250 mL), Stability (750 mL in 2L Celsius FFT Gen II Bag), Extended Characterization (2×25 mL), BDS Tailgate Samples ([Step 13.24]×30 mL). Pre-loading instructions for DLIMS. | D149: HIGH | E149: =IF(D149="LOW", 16, IF(D149="MEDIUM", 40, IF(D149="HIGH", 100, ""))) -> 100
A150: ATT-3 | B150: Attachment 3: Non-Routine Sampling Record | C150: Two-page form for non-routine samples: re-adjust product weight after sampling, log into DLIMS per SOP-0080295, record Project Number, Sample Number, sample details. Continuation page included. | D150: LOW | E150: =IF(D150="LOW", 16, IF(D150="MEDIUM", 40, IF(D150="HIGH", 100, ""))) -> 16
A151: ATT-4 | B151: Attachment 4: Hold Times | C151: Multi-hold tracking form: up to 3 hold periods, each with Location, Temperature (RT or 2-8°C), PFI Storage Start/End times, Hold Time calculations. Total RT Hold Time (>168 hrs → contact supervisor), Total 2-8°C Hold Time, Total Combined (>336 hrs → contact supervisor). | D151: MEDIUM | E151: =IF(D151="LOW", 16, IF(D151="MEDIUM", 40, IF(D151="HIGH", 100, ""))) -> 40
A152: ATT-5 | B152: Attachment 5: Filter Integrity Test Worksheet | C152: Multi-page filter integrity test documentation: product filter info (Part No./Batch/Exp./Serial/Autoclave), integrity test results (Tester ID, Test Name, up to 3 test attempts with Pass/Fail), supervisor/QA contact for failures per SOP-0107233. Additional pages for backup filters. Printout attachment pages. | D152: HIGH | E152: =IF(D152="LOW", 16, IF(D152="MEDIUM", 40, IF(D152="HIGH", 100, ""))) -> 100
A153: ATT-6 | B153: Attachment 6: Yield Calculations for Formulated Drug Substance | C153: Two-page yield calculation worksheet: Step Yield and MPR Yield calculations. Cross-references multiple process steps for weight/volume inputs. | D153: HIGH | E153: =IF(D153="LOW", 16, IF(D153="MEDIUM", 40, IF(D153="HIGH", 100, ""))) -> 100
A154: ATT-7 | B154: Attachment 7: Product Recirculation Worksheet | C154: Worksheet for product recirculation if needed during bulk filtration. Records mixing start time, end time, and duration calculations. | D154: MEDIUM | E154: =IF(D154="LOW", 16, IF(D154="MEDIUM", 40, IF(D154="HIGH", 100, ""))) -> 40
A155: ATT-8 | B155: Attachment 8: Comments Section | C155: Two-page free-text form for documenting deviations, supervisor decisions, out-of-specification events, process notes, material changes, and additional information. | D155: LOW | E155: =IF(D155="LOW", 16, IF(D155="MEDIUM", 40, IF(D155="HIGH", 100, ""))) -> 16
A156: ATT-9 | B156: Attachment 9: Bulk Filtration Set-Up Diagram | C156: Diagram and configuration documentation for bulk filtration assembly showing tubing connections, filter placement, manifold configuration. Sartorius Celsius FFT bag sizes can be interchanged. | D156: MEDIUM | E156: =IF(D156="LOW", 16, IF(D156="MEDIUM", 40, IF(D156="HIGH", 100, ""))) -> 40
A157: ATT-10 | B157: Attachment 10: 6L Celsius FFT Vessel Schematic (PN 6004565) | C157: Reference schematic showing 6L Celsius FFT vessel configuration, port locations, and connection points. | D157: LOW | E157: =IF(D157="LOW", 16, IF(D157="MEDIUM", 40, IF(D157="HIGH", 100, ""))) -> 16
A158: ATT-11 | B158: Attachment 11: Sterile Bulk Filter Trans Set AQ-G/AQ-S Schematic (PN: 6004585) | C158: Reference schematic: AQ-S connectors for Celsius FFT Sampling Manifold (PN: 6004580), AQ-G connectors for Celsius FFT Vessels. | D158: LOW | E158: =IF(D158="LOW", 16, IF(D158="MEDIUM", 40, IF(D158="HIGH", 100, ""))) -> 16
A159: ATT-12 | B159: Attachment 12: AQ-G/AQ-S Sterile Connector Instructions | C159: Three-page step-by-step instructions for aseptic connections using AQ-G and AQ-S sterile connectors. | D159: MEDIUM | E159: =IF(D159="LOW", 16, IF(D159="MEDIUM", 40, IF(D159="HIGH", 100, ""))) -> 40
... A164: ATT-17 | B164: Attachment 17: Process Area Checklist | C164: Pre-processing activities checklist for process area clearance and verification per SOP-0107057. | D164: LOW | E164: =IF(D164="LOW", 16, IF(D164="MEDIUM", 40, IF(D164="HIGH", 100, ""))) -> 16
A165: =COUNTA(Detailed_Analysis[Step Num]) -> 158 | E165: =SUM(Detailed_Analysis[Effort Hours (hrs)]) -> 6152
